Gene1,Gene2,EdgeWeight
ZNF143,PTTG1,3.643249
PTTG1,ZNF143,3.4883537
NFYB,CACYBP,2.8454506
ZNF143,CRABP2,2.6299357
ID2,PITX2,2.60879
KNTC1,ZNF143,2.4805615
ZNF143,DPYSL2,2.3289328
FOS,MCM3,2.1851215
MCM7,ZWILCH,2.0618825
DDIT3,ZNF143,2.048452
MCM4,PTTG1,2.030405
ID2,ZWILCH,1.991886
FOS,CAMK2D,1.986099
MCM3,ZNF143,1.9713308
PTTG1,ASNS,1.9274204
MCM3,PTTG1,1.90623
CRABP2,PLCD1,1.8941888
MCM3,FOS,1.8417267
ZNF143,CAMK2D,1.8413638
DDIT3,MCM3,1.8252785
ZNF143,KNTC1,1.7944777
NFYB,DPCD,1.7824957
MCM7,ID2,1.7325021
ID2,MCM7,1.675822
MCM3,CCNH,1.6613896
PITX2,ZWILCH,1.645987
DDIT3,TM2D2,1.6133554
CRABP2,APEH,1.6132613
PITX2,ID2,1.6066587
DDIT3,GSN,1.5785265
CRABP2,ZNF143,1.566108
MCM4,DPYSL2,1.5622306
CRABP2,DPYSL2,1.5313879
FOS,DPCD,1.5124958
ID2,KNTC1,1.4843905
MCM3,CDK1,1.480756
RUVBL1,MCM4,1.4763888
MCM3,HESX1,1.4756211
RUVBL1,IQGAP2,1.4693482
ZNF143,FOS,1.4637074
RUVBL1,MT2A,1.4578243
KNTC1,NIP7,1.4550166
FOS,CACYBP,1.4091806
RUVBL1,UBE2T,1.4024179
CRABP2,PLK1,1.3824177
DDIT3,CACYBP,1.3822377
KNTC1,MRPS27,1.3715556
RUVBL1,NEK2,1.3670102
DDIT3,ICA1,1.3618844
KNTC1,PTTG1,1.354003
MCM3,PRMT5,1.3487396
RUVBL1,OCIAD2,1.3223124
ZNF143,PLK1,1.3078926
PTTG1,CAMK2D,1.2959327
MCM3,MCM4,1.2683756
KLF6,PCCA,1.2555506
FOS,ZNF143,1.246738
KLF6,RBP4,1.2447944
PITX2,CCS,1.2435
CRABP2,TF,1.2386273
MCM4,PLCD1,1.2267593
NFYB,LGALS3,1.2233404
RUVBL1,RBP4,1.1884305
KLF6,LGALS3,1.1715331
RUVBL1,TF,1.1664575
MCM3,CACYBP,1.1369741
PITX2,CCNB1,1.134866
DDIT3,BUB1B,1.1247487
MCM7,PITX2,1.1221393
RUVBL1,NQO1,1.1014276
MCM3,GSN,1.0908408
MCM3,ASNS,1.0861965
MCM4,CDK1,1.0790076
CRABP2,PCCA,1.0753739
KLF6,BUB1B,1.0588391
KLF6,PTTG1,1.056237
KLF6,ADM,1.0503141
KLF6,KIF20B,1.0444057
ZNF143,ASNS,1.0387439
KNTC1,ID2,1.0150554
DDIT3,CCNB1,1.0093583
MCM3,ACTC1,1.0028548
PTTG1,ICA1,0.9991123
KNTC1,CCNH,0.9850279
ZNF143,ATG5,0.9840605
MCM7,KLF6,0.97909915
ZNF143,ANXA3,0.9732604
MCM7,ICA1,0.97265375
MCM4,CCNB1,0.9610849
MCM3,PLCD1,0.94912064
OTX2,PRKCE,0.94254345
KLF6,CAMK2D,0.930534
KNTC1,DDIT3,0.91576624
ID2,KLF6,0.90756
MCM3,OTX2,0.9070883
OTX2,CCNB1,0.88628244
FOS,MCM4,0.88585615
OTX2,ASNS,0.88099515
FOS,SMYD3,0.8771253
CRABP2,KIF20B,0.8682834
PITX2,VTN,0.8673978
MCM4,ACTL6A,0.86624134
ZNF143,CCS,0.84808373
FOS,NFYB,0.84549534
ID2,PLCD1,0.8227451
PITX2,TPD52L1,0.81603664
KNTC1,DPYSL2,0.81309235
MCM7,ACTC1,0.8044185
PITX2,WARS,0.8033956
DDIT3,NFYB,0.80159557
KLF6,TM2D2,0.79961663
RUVBL1,CCNH,0.7951126
ZNF143,MRPS27,0.79319185
KNTC1,NQO1,0.79228
NFYB,TM2D2,0.7901174
MCM4,UBE2T,0.781924
CRABP2,KLF6,0.76412797
PITX2,MCM7,0.76055175
NFYB,IQGAP2,0.7455588
OTX2,CYP3A5,0.7421585
KNTC1,ACTL6A,0.7410733
PITX2,PRKCE,0.7229886
MCM3,ICA1,0.7196926
PTTG1,MCM4,0.7093437
DDIT3,SCHIP1,0.70776373
MCM7,PLCD1,0.7048716
KLF6,DPYSL2,0.701249
FOS,PLCD1,0.70079076
KNTC1,ASNS,0.69978356
MCM7,TM2D2,0.69829124
KLF6,CRABP2,0.69347835
DDIT3,TNFRSF12A,0.69328237
FOS,ICA1,0.69152147
KNTC1,CYP3A5,0.68185306
PITX2,ACTL6A,0.67959523
FOS,KIF20B,0.676296
ZNF143,MCM4,0.673847
FOS,CCS,0.6715269
ZNF143,ID2,0.6672555
MCM3,UBE2T,0.66118693
MCM7,ADM,0.6595745
RUVBL1,MRPS27,0.6470822
MCM3,PLK1,0.63418496
ZNF143,CDK1,0.6336863
OTX2,ATG5,0.6322576
PITX2,KLF6,0.6318799
OTX2,ANAPC7,0.63158184
PTTG1,BUB1B,0.62710637
PITX2,DPYSL2,0.6251727
CRABP2,RBP4,0.6166062
ID2,CCNB1,0.61642194
FOS,LGALS3,0.61006397
PITX2,UTRN,0.59881914
KNTC1,DPCD,0.59615105
RUVBL1,KIF20B,0.590493
DDIT3,CA2,0.58685976
FOS,CDK1,0.58256507
KNTC1,ATG5,0.571264
NFYB,UTRN,0.5699847
KLF6,TF,0.5687575
DDIT3,DPYSL2,0.5661117
ID2,ANAPC7,0.5645646
ID2,CAMK2D,0.5522761
KLF6,CCS,0.5507583
PTTG1,PITX2,0.546103
ZNF143,NQO1,0.54527235
CRABP2,PRMT5,0.5449538
FOS,GSN,0.5409696
OTX2,PCCA,0.5398132
PITX2,MCM3,0.5376178
PITX2,RBP4,0.5358811
PTTG1,NFYB,0.5308167
PITX2,SCHIP1,0.5301469
PTTG1,KIF20B,0.52949256
CRABP2,ZWILCH,0.52869475
MCM3,SMYD3,0.52669966
MCM7,CA2,0.5262686
ZNF143,CCNB1,0.5239365
DDIT3,PRMT5,0.5234432
MCM7,PTTG1,0.52202713
NFYB,PCCA,0.5155668
MCM7,PRKCE,0.5129879
DDIT3,NEK2,0.5106429
NFYB,SCHIP1,0.50975126
RUVBL1,ZNF143,0.50674945
MCM4,NIP7,0.5055876
RUVBL1,PLCD1,0.504417
ZNF143,MCM3,0.5022001
CRABP2,ACTL6A,0.4960013
CRABP2,MCM4,0.49500045
KNTC1,TM2D2,0.48466596
KNTC1,CCS,0.4830774
KLF6,OTX2,0.48094136
DDIT3,KNTC1,0.47907716
RUVBL1,NIP7,0.47208673
FOS,OTX2,0.4703808
KNTC1,CACYBP,0.46116653
CRABP2,CDK1,0.44455358
MCM7,UTRN,0.44196093
ID2,OCIAD2,0.42730153
ID2,PRMT5,0.4190501
ZNF143,WARS,0.41519466
RUVBL1,BUB1B,0.4118703
PTTG1,MCM7,0.4081052
RUVBL1,ACTL6A,0.40664923
RUVBL1,DDIT3,0.40492868
CRABP2,VTN,0.40451762
ZNF143,NFYB,0.4028582
PTTG1,CRABP2,0.39597523
PTTG1,CCNB1,0.39522
NFYB,CYP3A5,0.3949358
KNTC1,OTX2,0.3883278
MCM4,OCIAD2,0.38643238
MCM7,MCM4,0.38016462
ID2,DPCD,0.3783873
ZNF143,NEK2,0.3745286
PTTG1,CDK1,0.37074342
FOS,CYP3A5,0.36837906
ID2,PRKCE,0.36481518
RUVBL1,WARS,0.36462837
ID2,SCHIP1,0.3578213
RUVBL1,CAMK2D,0.3546345
ID2,OTX2,0.35416442
MCM4,ICA1,0.3469952
OTX2,ANXA3,0.34605134
KLF6,ACTL6A,0.34430584
MCM3,ATG5,0.34072724
ID2,PCCA,0.34013525
PTTG1,ACTC1,0.33656427
NFYB,ZNF143,0.33516613
MCM3,DPCD,0.3346352
PTTG1,OTX2,0.33108822
FOS,PRMT5,0.3299933
PTTG1,HESX1,0.31921142
FOS,MRPS27,0.31711325
OTX2,CDK1,0.31475815
RUVBL1,NFYB,0.30907187
MCM3,NIP7,0.30863458
ZNF143,PCCA,0.30790046
MCM3,PITX2,0.3077089
ZNF143,OTX2,0.30633274
OTX2,HESX1,0.30256408
OTX2,PTTG1,0.29936433
PITX2,CA2,0.29824972
KLF6,VTN,0.29238355
KNTC1,ICA1,0.28626674
KNTC1,ANAPC7,0.27824736
FOS,ACTC1,0.2781452
KLF6,NEK2,0.2767289
MCM7,RBP4,0.27539304
MCM7,NEK2,0.2747471
DDIT3,UTRN,0.27249318
NFYB,UBE2T,0.2718613
ID2,CDK1,0.26398936
NFYB,SERPINB1,0.26366526
PITX2,ATG5,0.25695413
ZNF143,IQGAP2,0.25652498
PTTG1,IQGAP2,0.25548065
MCM4,CA2,0.2544402
MCM7,ASNS,0.25370607
KLF6,CACYBP,0.24622075
NFYB,ZWILCH,0.24344274
ID2,ASNS,0.24065879
OTX2,ICA1,0.24034958
FOS,NQO1,0.23748046
NFYB,PRKCE,0.23675928
MCM4,MT2A,0.23647672
NFYB,ID2,0.23639834
ID2,NQO1,0.23394167
CRABP2,OTX2,0.23360372
KNTC1,ZWILCH,0.22026435
DDIT3,PRKCE,0.22026241
RUVBL1,SERPINB1,0.21593708
PTTG1,CACYBP,0.21578452
FOS,CCNH,0.21340914
OTX2,TNFRSF12A,0.21217045
KNTC1,APEH,0.21174729
OTX2,KLF6,0.21155438
MCM4,IQGAP2,0.20603964
MCM7,HESX1,0.20246553
DDIT3,APEH,0.20132601
MCM3,DPYSL2,0.20054355
KNTC1,MT2A,0.19569476
PITX2,PTTG1,0.19486743
ID2,CRABP2,0.1946617
DDIT3,CDK1,0.19426753
ZNF143,LGALS3,0.1937618
KNTC1,CRABP2,0.19331026
OTX2,MCM3,0.18689767
NFYB,HESX1,0.18569826
DDIT3,ADM,0.18388584
FOS,TNFRSF12A,0.18230465
MCM3,DDIT3,0.18175231
PITX2,RUVBL1,0.17752707
OTX2,APEH,0.17681159
MCM3,TNFRSF12A,0.17587666
PTTG1,TM2D2,0.17191839
KNTC1,SERPINB1,0.17071676
MCM3,CCNB1,0.17047662
KLF6,PITX2,0.1699971
ID2,CCNH,0.16968799
NFYB,CCNB1,0.16225228
CRABP2,ASNS,0.15966971
PITX2,CAMK2D,0.15772754
MCM7,MCM3,0.15748015
FOS,NEK2,0.15420164
ZNF143,NIP7,0.15156458
ID2,ACADVL,0.15045667
KNTC1,MCM3,0.14658237
RUVBL1,GSN,0.14641032
CRABP2,IQGAP2,0.14457521
KNTC1,PLK1,0.14410728
PTTG1,UTRN,0.14217523
DDIT3,PTTG1,0.13972956
MCM4,ID2,0.13968578
RUVBL1,PCCA,0.1395661
MCM4,PCCA,0.13806963
ID2,BUB1B,0.13796726
NFYB,NEK2,0.1372717
RUVBL1,ICA1,0.13673744
ZNF143,ICA1,0.1347642
RUVBL1,ID2,0.13347399
NFYB,CA2,0.13047138
NFYB,ACTL6A,0.13043763
FOS,CRABP2,0.12872282
PITX2,TNFRSF12A,0.12812701
PITX2,ACTC1,0.12793699
PTTG1,PCCA,0.12754333
ID2,PTTG1,0.12650043
NFYB,RUVBL1,0.12407334
CRABP2,ADM,0.121697426
OTX2,KNTC1,0.11950518
OTX2,MCM4,0.11942394
MCM3,OCIAD2,0.118646786
RUVBL1,CA2,0.11843613
KNTC1,RBP4,0.118421376
ZNF143,KIF20B,0.11561388
PTTG1,NQO1,0.114963785
PTTG1,PRKCE,0.11385858
ZNF143,OCIAD2,0.11365837
OTX2,SMYD3,0.11362532
ID2,ZNF143,0.11265444
ID2,TNFRSF12A,0.11054512
KNTC1,ADM,0.1077279
KLF6,PLK1,0.10713122
DDIT3,IQGAP2,0.10615271
MCM3,CCS,0.10333219
NFYB,ASNS,0.10261378
RUVBL1,CRABP2,0.09983176
PITX2,APEH,0.09922452
FOS,TM2D2,0.098870754
PITX2,NFYB,0.09843859
CRABP2,CENPF,0.096804276
PITX2,CDK1,0.09617597
MCM4,APEH,0.09399341
PTTG1,ID2,0.0930613
MCM3,ACADVL,0.09297043
ZNF143,DDIT3,0.09055272
PTTG1,KNTC1,0.09002274
MCM3,ANAPC7,0.08913028
MCM7,KIF20B,0.089007914
RUVBL1,TM2D2,0.08632168
MCM4,CRABP2,0.08529919
RUVBL1,PITX2,0.08506209
ID2,FOS,0.08252674
MCM4,PRKCE,0.082196146
PTTG1,ACTL6A,0.07925841
DDIT3,CCNH,0.07918501
FOS,PLK1,0.076590344
KNTC1,TNFRSF12A,0.07643179
MCM4,PRMT5,0.073427156
MCM7,CYP3A5,0.071790285
ZNF143,TNFRSF12A,0.07171154
MCM3,NQO1,0.07159042
KLF6,PRKCE,0.07102485
PITX2,HESX1,0.06814045
PITX2,ZNF143,0.0673309
RUVBL1,TPD52L1,0.06679192
FOS,ZWILCH,0.06676203
RUVBL1,ACTC1,0.066673666
FOS,PITX2,0.06648408
PTTG1,ATG5,0.06640646
DDIT3,NIP7,0.06504813
KLF6,ACTC1,0.06482276
NFYB,PLCD1,0.06377055
NFYB,VTN,0.06351334
MCM4,CCNH,0.06297247
OTX2,TPD52L1,0.06206409
MCM7,PRMT5,0.06194142
PITX2,ADM,0.059117988
MCM3,ADM,0.059029497
NFYB,MCM7,0.05853936
MCM4,FOS,0.057996795
DDIT3,ANAPC7,0.05732829
PITX2,TF,0.056880206
MCM4,HESX1,0.056076586
RUVBL1,CENPF,0.056036685
CRABP2,CA2,0.05312866
NFYB,CCS,0.05198115
RUVBL1,NIF3L1,0.05172237
NFYB,GSN,0.0512473
KNTC1,CAMK2D,0.050587773
PTTG1,PLK1,0.050543137
NFYB,PITX2,0.05050066
ID2,PLK1,0.05040002
PTTG1,SMYD3,0.05028361
PTTG1,OCIAD2,0.049076736
RUVBL1,ADM,0.047966003
ID2,CCS,0.047774374
MCM7,PLK1,0.047094643
KLF6,NFYB,0.04599303
OTX2,FOS,0.04552959
CRABP2,LGALS3,0.045455605
OTX2,PLK1,0.04527612
MCM4,ACADVL,0.044754848
ID2,MRPS27,0.043432593
MCM4,KIF20B,0.042543232
CRABP2,UBE2T,0.040487736
PITX2,PLK1,0.04032451
ZNF143,CENPF,0.03997177
PITX2,OCIAD2,0.039598875
ZNF143,ACADVL,0.03913355
ID2,MCM3,0.03899938
ZNF143,PRMT5,0.03780903
CRABP2,ACADVL,0.036801904
OTX2,NIP7,0.03498712
DDIT3,CRABP2,0.034474716
FOS,OCIAD2,0.0341565
NFYB,ACTC1,0.034051627
MCM7,CCNH,0.03192748
MCM7,TF,0.03187108
MCM4,NQO1,0.029296994
MCM4,CENPF,0.029199004
ID2,CA2,0.028479487
CRABP2,MRPS27,0.02791351
CRABP2,WARS,0.027173333
MCM4,PLK1,0.025402501
MCM7,ANXA3,0.025256857
NFYB,KLF6,0.025021672
FOS,DDIT3,0.024860412
PTTG1,FOS,0.024590135
PTTG1,ACADVL,0.024115741
KLF6,PLCD1,0.023741573
OTX2,MRPS27,0.022694603
CRABP2,GSN,0.021587443
KLF6,NIP7,0.02156647
RUVBL1,KLF6,0.02136916
KLF6,RUVBL1,0.021228926
PITX2,NIF3L1,0.021198392
ID2,KIF20B,0.021074075
NFYB,MRPS27,0.02011332
DDIT3,ACADVL,0.019679904
CRABP2,MT2A,0.018710554
MCM3,TPD52L1,0.01869148
ID2,TPD52L1,0.01853875
MCM4,MRPS27,0.017286606
DDIT3,UBE2T,0.016248733
DDIT3,WARS,0.015808351
NFYB,NIP7,0.015246779
NFYB,OCIAD2,0.01448179
KLF6,WARS,0.0139593035
CRABP2,PTTG1,0.013542071
DDIT3,ANXA3,0.012966812
PITX2,NQO1,0.012641311
MCM7,LGALS3,0.012518082
KLF6,ANXA3,0.011775933
DDIT3,OCIAD2,0.010985166
FOS,APEH,0.010828286
FOS,ASNS,0.010569423
OTX2,SERPINB1,0.009880185
ID2,IQGAP2,0.009708822
ID2,ANXA3,0.009390861
MCM7,NFYB,0.009029068
FOS,CENPF,0.008439213
KLF6,ID2,0.008185074
PTTG1,WARS,0.008095771
NFYB,WARS,0.007608708
NFYB,TPD52L1,0.00737381
DDIT3,ZWILCH,0.0069833994
MCM3,WARS,0.0067155063
DDIT3,MRPS27,0.0064997673
MCM3,VTN,0.005626574
PTTG1,CA2,0.005103469
RUVBL1,TNFRSF12A,0.0049942285
KNTC1,VTN,0.004893273
KNTC1,ANXA3,0.004723966
PITX2,CENPF,0.004715964
CRABP2,ANXA3,0.004183352
FOS,WARS,0.0039186925
RUVBL1,APEH,0.00357306
RUVBL1,MCM7,0.0031982064
MCM7,KNTC1,0.0031843595
KNTC1,FOS,0.002459783
ID2,RUVBL1,0.002234608
KNTC1,TF,0.0021989644
DDIT3,VTN,0.0020517707
MCM4,ACTC1,0.0020317733
PITX2,UBE2T,0.0013750698
CRABP2,TNFRSF12A,0.0013538003
MCM7,CENPF,0.0004220307
ZNF143,UBE2T,0.00015041232
OTX2,CENPF,0.00054212287
ID2,ATG5,0.0006826073
OTX2,IQGAP2,0.0009241346
MCM7,CACYBP,0.0016634166
MCM7,RUVBL1,0.00180462
MCM7,APEH,0.0018614829
MCM7,MRPS27,0.0037501082
NFYB,KIF20B,0.003798604
KNTC1,SMYD3,0.0043387413
PTTG1,PRMT5,0.004636258
PTTG1,CCS,0.0048884153
PITX2,MRPS27,0.0052021146
OTX2,UBE2T,0.0060271136
ID2,ACTL6A,0.0060412437
DDIT3,CAMK2D,0.0060527623
FOS,PTTG1,0.006431237
ID2,NIF3L1,0.006810233
NFYB,ANXA3,0.006869346
MCM4,TF,0.006892238
RUVBL1,CCS,0.0069407746
FOS,VTN,0.0073001087
DDIT3,ACTC1,0.0073347986
PTTG1,MRPS27,0.007531032
NFYB,NIF3L1,0.008435324
ID2,NEK2,0.008681327
PTTG1,SERPINB1,0.009344593
PTTG1,ADM,0.009408087
KLF6,UTRN,0.00952033
FOS,ATG5,0.009846956
MCM7,DDIT3,0.010920763
OTX2,ACADVL,0.0123592885
KLF6,MCM7,0.012383491
MCM4,ZWILCH,0.01338087
RUVBL1,PLK1,0.013701916
FOS,NIF3L1,0.014286235
OTX2,LGALS3,0.014445007
PTTG1,UBE2T,0.016185641
CRABP2,HESX1,0.016544878
OTX2,PRMT5,0.016626135
KLF6,NQO1,0.01670412
KLF6,CCNB1,0.017369568
PTTG1,ANXA3,0.017379224
MCM7,DPCD,0.017597757
DDIT3,PLK1,0.017667413
ID2,CACYBP,0.01884988
PITX2,IQGAP2,0.018927604
DDIT3,CCS,0.019360855
OTX2,ACTL6A,0.020053923
MCM7,WARS,0.020122647
FOS,ADM,0.0205739
MCM3,CENPF,0.021534175
FOS,IQGAP2,0.021767944
OTX2,ID2,0.022039115
KNTC1,CENPF,0.022346735
FOS,ANXA3,0.022360995
CRABP2,CCS,0.022436827
CRABP2,ICA1,0.022597492
CRABP2,CAMK2D,0.023001254
MCM7,SERPINB1,0.023165058
PTTG1,KLF6,0.023649067
DDIT3,RUVBL1,0.02400364
ID2,SERPINB1,0.024340805
PTTG1,DDIT3,0.024983786
MCM3,APEH,0.02515608
ZNF143,DPCD,0.025438726
ID2,VTN,0.025874339
ZNF143,TM2D2,0.02614373
KNTC1,NIF3L1,0.026331894
DDIT3,TF,0.026717275
PITX2,SMYD3,0.026962832
MCM7,ANAPC7,0.02806554
FOS,NIP7,0.028276227
FOS,ACTL6A,0.029896528
ID2,UTRN,0.030312508
MCM7,VTN,0.0304555
KLF6,CYP3A5,0.030888826
RUVBL1,ANXA3,0.031093463
NFYB,ANAPC7,0.031357884
PITX2,ASNS,0.03240335
ID2,MCM4,0.03242968
FOS,DPYSL2,0.032724023
MCM7,GSN,0.032876574
FOS,PRKCE,0.0333883
FOS,TPD52L1,0.033742815
KLF6,TNFRSF12A,0.03409557
KLF6,TPD52L1,0.034315884
KLF6,NIF3L1,0.036717147
PITX2,LGALS3,0.037249997
ID2,NFYB,0.0372608
KLF6,ZNF143,0.0374126
MCM7,NIP7,0.03745672
CRABP2,NIF3L1,0.038311273
MCM7,BUB1B,0.03847201
OTX2,ADM,0.038804375
MCM4,TNFRSF12A,0.039103597
CRABP2,TPD52L1,0.039911047
MCM3,ANXA3,0.040360928
RUVBL1,VTN,0.041205265
OTX2,ZWILCH,0.04140061
NFYB,BUB1B,0.042707354
PTTG1,NIF3L1,0.04362169
MCM7,ACADVL,0.044597596
RUVBL1,CDK1,0.04483437
FOS,UBE2T,0.044987716
MCM7,SMYD3,0.04515782
PITX2,KIF20B,0.045811206
PITX2,NEK2,0.046015665
KLF6,MRPS27,0.04640814
DDIT3,SERPINB1,0.046779156
ID2,LGALS3,0.046898305
KLF6,ICA1,0.047610953
MCM4,ANAPC7,0.047616214
RUVBL1,SCHIP1,0.04842598
KLF6,DDIT3,0.0505787
MCM7,DPYSL2,0.051345453
FOS,MT2A,0.052508578
MCM3,NIF3L1,0.053250797
OTX2,CACYBP,0.05349505
ID2,CENPF,0.053512767
DDIT3,MCM7,0.0550116
KLF6,IQGAP2,0.05697276
ZNF143,BUB1B,0.057504237
KNTC1,ACADVL,0.05875717
ID2,SMYD3,0.05909206
NFYB,PLK1,0.059993714
ID2,CYP3A5,0.060599916
PTTG1,VTN,0.061161965
PITX2,CRABP2,0.06416895
FOS,TF,0.06461183
MCM4,MCM3,0.06486432
NFYB,DDIT3,0.06637413
MCM3,MT2A,0.067396164
RUVBL1,HESX1,0.067573965
MCM7,NQO1,0.06781788
DDIT3,ACTL6A,0.06972876
PTTG1,NEK2,0.06978592
NFYB,CENPF,0.0705995
KNTC1,PRKCE,0.07166647
KNTC1,CCNB1,0.071730494
MCM7,CAMK2D,0.07246868
NFYB,ATG5,0.0741272
KNTC1,KLF6,0.07543809
KNTC1,PITX2,0.076128095
OTX2,BUB1B,0.07626973
KLF6,ATG5,0.077608764
FOS,HESX1,0.07934466
RUVBL1,UTRN,0.08067787
CRABP2,NIP7,0.080924645
KNTC1,MCM7,0.08156213
MCM3,RBP4,0.0818454
DDIT3,ASNS,0.08206999
KLF6,DPCD,0.08229342
ZNF143,ACTL6A,0.0837405
RUVBL1,CYP3A5,0.085026145
FOS,CCNB1,0.08504894
OTX2,ACTC1,0.08521599
OTX2,TM2D2,0.086028725
ZNF143,ANAPC7,0.08697921
KLF6,HESX1,0.08741832
MCM3,RUVBL1,0.08998701
KNTC1,PRMT5,0.09307319
MCM3,ID2,0.09369713
MCM4,NIF3L1,0.094093755
MCM3,SCHIP1,0.09437126
ZNF143,SERPINB1,0.09506585
ID2,DPYSL2,0.09540091
MCM4,RUVBL1,0.0964942
MCM4,MCM7,0.09757555
MCM3,ACTL6A,0.09939319
KNTC1,LGALS3,0.10082239
MCM4,TPD52L1,0.10369101
ID2,NIP7,0.1043176
PTTG1,DPYSL2,0.10845716
PITX2,NIP7,0.11021361
ZNF143,RUVBL1,0.11042541
MCM4,SCHIP1,0.11080162
MCM4,NEK2,0.11192548
KLF6,ZWILCH,0.11344452
KLF6,SMYD3,0.11474724
PITX2,MCM4,0.11495885
MCM7,CDK1,0.11625125
CRABP2,FOS,0.1163021
MCM4,TM2D2,0.11797345
MCM3,KNTC1,0.12142567
MCM4,PITX2,0.1215104
NFYB,FOS,0.12154561
PTTG1,APEH,0.131675
MCM4,RBP4,0.13241644
NFYB,ACADVL,0.13555636
ID2,ACTC1,0.13628598
MCM4,OTX2,0.13675341
ZNF143,CA2,0.13734888
ZNF143,VTN,0.14106086
DDIT3,TPD52L1,0.14109658
PTTG1,CCNH,0.14175266
RUVBL1,MCM3,0.14405271
MCM4,SMYD3,0.14426303
RUVBL1,LGALS3,0.14701715
CRABP2,CCNB1,0.14706811
NFYB,PRMT5,0.14718565
PTTG1,TPD52L1,0.14907897
ZNF143,ACTC1,0.14998764
OTX2,DPCD,0.1511945
NFYB,MCM3,0.15281793
RUVBL1,DPYSL2,0.15326607
ZNF143,RBP4,0.15523314
MCM4,CACYBP,0.15591137
PITX2,DPCD,0.1563561
CRABP2,NQO1,0.15772952
DDIT3,DPCD,0.15814926
MCM3,LGALS3,0.16280591
CRABP2,TM2D2,0.16323341
ZNF143,CACYBP,0.16899024
OTX2,CCNH,0.17078829
PTTG1,MCM3,0.17398223
CRABP2,ANAPC7,0.17735916
OTX2,KIF20B,0.18054642
DDIT3,NIF3L1,0.1815576
CRABP2,RUVBL1,0.18202347
KLF6,KNTC1,0.18488544
ZNF143,HESX1,0.18551934
MCM3,BUB1B,0.19415379
MCM7,ZNF143,0.19463216
MCM3,NFYB,0.19484426
DDIT3,RBP4,0.19659856
OTX2,NFYB,0.19784391
KNTC1,GSN,0.19820589
OTX2,DPYSL2,0.20087537
MCM4,SERPINB1,0.20198399
KNTC1,BUB1B,0.20535062
RUVBL1,PRMT5,0.20600766
NFYB,OTX2,0.2061851
PITX2,PRMT5,0.20654197
KNTC1,WARS,0.20930779
PITX2,PLCD1,0.21069968
KNTC1,UTRN,0.21265852
ID2,WARS,0.21285361
MCM7,FOS,0.21514647
CRABP2,MCM7,0.21713871
MCM3,PCCA,0.22675747
MCM7,CRABP2,0.22711836
MCM4,ZNF143,0.22855093
ZNF143,CCNH,0.23054183
MCM3,CYP3A5,0.23374015
PTTG1,CENPF,0.23419553
DDIT3,CYP3A5,0.2399338
NFYB,NQO1,0.24023804
PTTG1,TF,0.24095389
FOS,SCHIP1,0.24670465
MCM3,NEK2,0.24790087
ZNF143,ADM,0.24960181
NFYB,KNTC1,0.25423452
CRABP2,CYP3A5,0.25931966
OTX2,CAMK2D,0.25959957
MCM3,CA2,0.26304704
ZNF143,GSN,0.2649725
CRABP2,PRKCE,0.26556095
MCM7,NIF3L1,0.268976
MCM4,BUB1B,0.27515724
NFYB,MT2A,0.27670723
CRABP2,NEK2,0.27748698
MCM4,ADM,0.27932534
OTX2,WARS,0.2797618
CRABP2,UTRN,0.28154364
FOS,BUB1B,0.2820434
MCM7,SCHIP1,0.28461802
ZNF143,MT2A,0.2846352
OTX2,PITX2,0.28741434
DDIT3,MT2A,0.2911852
ZNF143,PITX2,0.30169135
MCM7,OTX2,0.3026366
PITX2,TM2D2,0.30313206
PITX2,ANAPC7,0.3128458
MCM3,MCM7,0.31727886
MCM3,ZWILCH,0.3173426
PTTG1,TNFRSF12A,0.3234627
KLF6,OCIAD2,0.32412368
FOS,PCCA,0.3312698
KNTC1,CA2,0.3421904
KLF6,MT2A,0.35052145
PTTG1,ANAPC7,0.35499576
KLF6,CENPF,0.355582
ID2,APEH,0.35992447
PITX2,ANXA3,0.36153162
PITX2,ACADVL,0.36217514
FOS,RUVBL1,0.36914575
MCM4,CAMK2D,0.37888274
OTX2,ZNF143,0.37967575
ID2,ADM,0.38529503
NFYB,CAMK2D,0.38543373
ZNF143,NIF3L1,0.39413646
PITX2,FOS,0.39482388
PTTG1,SCHIP1,0.3960796
MCM3,MRPS27,0.39978558
CRABP2,ID2,0.40080565
PTTG1,CYP3A5,0.40349656
KLF6,APEH,0.409068
FOS,CA2,0.41886818
KLF6,PRMT5,0.41961232
MCM4,VTN,0.4198607
MCM4,UTRN,0.42730528
RUVBL1,SMYD3,0.4288774
CRABP2,SCHIP1,0.43202615
CRABP2,ATG5,0.43377936
PTTG1,NIP7,0.43380007
PTTG1,RUVBL1,0.4408826
ID2,HESX1,0.4410442
DDIT3,LGALS3,0.441904
ZNF143,SCHIP1,0.44391075
PITX2,PCCA,0.44636333
FOS,ACADVL,0.44730306
KNTC1,SCHIP1,0.45067304
OTX2,NIF3L1,0.46142912
KNTC1,TPD52L1,0.4629076
ID2,TF,0.4661066
ID2,UBE2T,0.48475567
ZNF143,PLCD1,0.48674247
MCM4,ANXA3,0.48895383
ZNF143,MCM7,0.49230394
RUVBL1,ZWILCH,0.49280846
OTX2,MT2A,0.5011791
MCM7,IQGAP2,0.5112374
KLF6,MCM4,0.5126847
MCM3,SERPINB1,0.5158
MCM4,CYP3A5,0.51731473
OTX2,CRABP2,0.5182759
KNTC1,PCCA,0.52362394
MCM4,ATG5,0.52571577
KLF6,FOS,0.546236
PITX2,BUB1B,0.54654264
NFYB,RBP4,0.5474092
PITX2,OTX2,0.5498227
PTTG1,GSN,0.55335295
CRABP2,CCNH,0.5558852
KLF6,ASNS,0.56621563
KLF6,CA2,0.573473
FOS,KNTC1,0.57861507
PITX2,SERPINB1,0.584303
MCM4,LGALS3,0.584556
CRABP2,SMYD3,0.58846474
KNTC1,ACTC1,0.59333867
DDIT3,FOS,0.59420925
PTTG1,RBP4,0.5965761
MCM7,CCNB1,0.5967614
PTTG1,DPCD,0.6012721
OTX2,RBP4,0.6051353
MCM7,UBE2T,0.608302
DDIT3,KIF20B,0.6133154
KNTC1,KIF20B,0.62371737
OTX2,UTRN,0.62722385
KNTC1,PLCD1,0.6292005
PITX2,ICA1,0.6328817
CRABP2,SERPINB1,0.6370301
OTX2,OCIAD2,0.6382635
MCM3,TM2D2,0.6436056
NFYB,CDK1,0.6475887
CRABP2,DDIT3,0.6489038
NFYB,SMYD3,0.6544913
MCM3,CAMK2D,0.6547073
ID2,MT2A,0.6557262
RUVBL1,FOS,0.66112286
MCM7,TPD52L1,0.6688457
MCM3,TF,0.6715621
OTX2,CA2,0.68228376
RUVBL1,PTTG1,0.6840074
OTX2,VTN,0.70397425
ZNF143,TPD52L1,0.70499206
KLF6,GSN,0.70506185
MCM4,GSN,0.715066
NFYB,TNFRSF12A,0.71570796
DDIT3,OTX2,0.71954584
FOS,UTRN,0.72195363
ZNF143,TF,0.72999555
NFYB,ADM,0.7313938
CRABP2,KNTC1,0.73627263
FOS,RBP4,0.74537814
OTX2,GSN,0.75123066
MCM7,TNFRSF12A,0.75722826
MCM7,OCIAD2,0.76219326
RUVBL1,CACYBP,0.77111673
OTX2,PLCD1,0.7752098
RUVBL1,ACADVL,0.78153193
PTTG1,MT2A,0.7905871
CRABP2,ACTC1,0.7921914
DDIT3,HESX1,0.8033924
OTX2,CCS,0.8110039
FOS,MCM7,0.8119297
OTX2,NEK2,0.81749916
MCM3,UTRN,0.8217635
MCM3,PRKCE,0.8282296
NFYB,CCNH,0.8328037
NFYB,TF,0.8329887
FOS,ANAPC7,0.8404239
KNTC1,UBE2T,0.85654664
ID2,RBP4,0.8572284
OTX2,TF,0.862
RUVBL1,ATG5,0.8658528
RUVBL1,PRKCE,0.86907315
OTX2,NQO1,0.8777048
PITX2,CCNH,0.8784004
KNTC1,NFYB,0.888726
CRABP2,OCIAD2,0.8967129
NFYB,ICA1,0.9136338
NFYB,DPYSL2,0.9169371
ID2,ICA1,0.9219135
PITX2,CACYBP,0.92962253
ZNF143,KLF6,0.9377231
DDIT3,CENPF,0.9399042
OTX2,SCHIP1,0.94427764
FOS,KLF6,0.96447843
PTTG1,LGALS3,0.9653673
MCM4,DDIT3,0.9843458
KLF6,CDK1,0.9855143
MCM7,CCS,0.9977753
OTX2,DDIT3,0.99968743
KLF6,UBE2T,1.0018624
DDIT3,PCCA,1.0255957
KLF6,ACADVL,1.0309374
CRABP2,DPCD,1.0310608
ZNF143,APEH,1.0459818
OTX2,MCM7,1.0501162
FOS,ID2,1.0508342
ZNF143,CYP3A5,1.0606365
MCM4,WARS,1.0607278
MCM4,DPCD,1.0640408
PITX2,DDIT3,1.0764804
KLF6,SCHIP1,1.0786958
PITX2,GSN,1.0858285
KNTC1,HESX1,1.0901163
MCM7,MT2A,1.0916734
KNTC1,OCIAD2,1.1008022
MCM4,KNTC1,1.1168599
DDIT3,KLF6,1.11779
OTX2,RUVBL1,1.1219394
RUVBL1,DPCD,1.1227597
ID2,GSN,1.1240684
RUVBL1,ASNS,1.1421615
MCM4,ASNS,1.1433024
MCM7,PCCA,1.1443725
DDIT3,SMYD3,1.1498895
KNTC1,RUVBL1,1.1541879
ZNF143,PRKCE,1.1937387
KLF6,CCNH,1.1962123
CRABP2,BUB1B,1.2053341
DDIT3,PLCD1,1.2187195
MCM3,IQGAP2,1.2404443
DDIT3,NQO1,1.250888
ZNF143,SMYD3,1.2625448
MCM4,CCS,1.277601
DDIT3,PITX2,1.2776126
MCM4,KLF6,1.2818547
ID2,TM2D2,1.2887962
KNTC1,IQGAP2,1.3027887
RUVBL1,OTX2,1.3031338
KNTC1,MCM4,1.3073652
FOS,SERPINB1,1.3357179
MCM7,ACTL6A,1.343501
DDIT3,MCM4,1.3460445
KNTC1,CDK1,1.366626
DDIT3,ATG5,1.3845676
RUVBL1,KNTC1,1.4221914
MCM3,CRABP2,1.4372852
DDIT3,ID2,1.4457006
KLF6,ANAPC7,1.4498962
KLF6,MCM3,1.5130539
ZNF143,UTRN,1.5159221
PTTG1,PLCD1,1.5451959
KNTC1,NEK2,1.5460262
NFYB,PTTG1,1.5621088
MCM3,KLF6,1.5816445
KLF6,SERPINB1,1.5963359
CRABP2,PITX2,1.6348635
MCM7,ATG5,1.6441929
PITX2,KNTC1,1.7025993
MCM4,NFYB,1.721386
PTTG1,ZWILCH,1.7711105
ZNF143,ZWILCH,1.8852828
PITX2,CYP3A5,1.8910578
ID2,DDIT3,1.9380125
MCM3,KIF20B,2.1064484
NFYB,MCM4,2.1098049
NFYB,APEH,2.2313333
RUVBL1,CCNB1,2.5313468
RUVBL1,ANAPC7,2.6725996
PITX2,MT2A,2.6857398
CRABP2,MCM3,2.8655398
CRABP2,NFYB,2.9542353
NFYB,CRABP2,3.095242
CRABP2,CACYBP,3.3139925
OTX2,KNTC1,4.9682155
KNTC1,OTX2,4.346064
RUVBL1,KNTC1,4.082577
KNTC1,RUVBL1,3.9474761
MCM7,ICA1,3.731166
OTX2,OCIAD2,3.550519
OTX2,ICA1,3.513596
OTX2,RUVBL1,3.209006
RUVBL1,OTX2,3.1751463
KLF6,ASNS,3.0835156
MCM7,OTX2,3.0769098
RUVBL1,ICA1,2.9056687
MCM7,ID2,2.7628868
OTX2,MCM7,2.7399974
KNTC1,ICA1,2.6840944
FOS,UTRN,2.6580913
KLF6,TM2D2,2.6127274
ID2,MCM7,2.602704
MCM7,UBE2T,2.570895
KNTC1,OCIAD2,2.554471
PTTG1,PRKCE,2.5330477
KLF6,CAMK2D,2.328126
ID2,MRPS27,2.2760844
PTTG1,ICA1,2.2579377
OTX2,CA2,2.2521276
NFYB,MCM4,2.181241
PTTG1,TPD52L1,2.14685
MCM7,PCCA,2.1325414
OTX2,PRKCE,2.0882096
KLF6,SERPINB1,2.0645885
KLF6,CACYBP,1.9811094
RUVBL1,PRMT5,1.8874167
ID2,WARS,1.861037
FOS,MCM3,1.844495
MCM4,SERPINB1,1.8357788
NFYB,SERPINB1,1.82601
MCM7,CCS,1.8215718
MCM3,RBP4,1.8010441
MCM4,DPCD,1.7985944
OTX2,PITX2,1.7962646
MCM7,PRKCE,1.7562045
OTX2,DPYSL2,1.7242455
MCM3,ZWILCH,1.7091877
FOS,CCS,1.6585608
MCM4,KNTC1,1.6334324
ID2,OTX2,1.6242787
ZNF143,FOS,1.6118989
OTX2,CCS,1.5807538
NFYB,MT2A,1.5706192
OTX2,PTTG1,1.5652151
ZNF143,MRPS27,1.5641557
PTTG1,ANAPC7,1.5598469
NFYB,ICA1,1.5415351
PTTG1,MT2A,1.535737
RUVBL1,PRKCE,1.5322894
CRABP2,ATG5,1.519511
NFYB,DPCD,1.4895458
ID2,KLF6,1.4634258
ZNF143,LGALS3,1.4535482
PITX2,TPD52L1,1.4441698
OTX2,ASNS,1.4397821
MCM4,NFYB,1.434846
PITX2,OTX2,1.4149548
RUVBL1,SERPINB1,1.4121771
MCM3,FOS,1.4053335
DDIT3,TM2D2,1.3706126
KNTC1,SERPINB1,1.3655019
ZNF143,ANAPC7,1.364428
RUVBL1,NFYB,1.3387618
PITX2,DDIT3,1.338536
ZNF143,NEK2,1.3326526
KNTC1,CCS,1.3262706
NFYB,CA2,1.3211021
PITX2,CYP3A5,1.2978804
CRABP2,NQO1,1.2960031
KNTC1,MCM4,1.2902285
KNTC1,CA2,1.2848932
MCM3,PITX2,1.2712657
MCM3,DPYSL2,1.2678568
DDIT3,KIF20B,1.2490458
NFYB,TNFRSF12A,1.2427897
KNTC1,DPYSL2,1.2355162
ZNF143,DPYSL2,1.2327055
MCM4,OCIAD2,1.2321701
KLF6,ADM,1.2241955
KNTC1,MCM3,1.2095996
KLF6,BUB1B,1.2057753
FOS,MRPS27,1.2028944
PTTG1,ZWILCH,1.1984234
NFYB,CENPF,1.1978526
ID2,APEH,1.1835123
CRABP2,BUB1B,1.1734169
RUVBL1,MT2A,1.1659262
OTX2,NFYB,1.14975
CRABP2,HESX1,1.1396503
ZNF143,ZWILCH,1.1272043
ZNF143,ID2,1.1263168
MCM7,OCIAD2,1.118213
FOS,SCHIP1,1.1137862
ID2,KNTC1,1.0968281
RUVBL1,OCIAD2,1.088451
PITX2,CCS,1.0877645
KNTC1,MRPS27,1.0792061
PITX2,SERPINB1,1.0751235
MCM3,MRPS27,1.0613741
FOS,SERPINB1,1.0475477
RUVBL1,PTTG1,1.0447549
PTTG1,RUVBL1,1.0403554
PITX2,FOS,1.0360548
PITX2,ZNF143,1.0160534
ZNF143,PRKCE,1.0123287
FOS,NFYB,1.0084422
DDIT3,MCM4,1.0083543
CRABP2,APEH,0.99387395
FOS,LGALS3,0.9934623
MCM7,CA2,0.99154186
MCM4,KLF6,0.9902583
ZNF143,PTTG1,0.9879167
MCM4,CCS,0.98180974
MCM7,PLCD1,0.9760428
MCM4,ID2,0.9753221
PITX2,PCCA,0.9722723
CRABP2,PRMT5,0.96890926
OTX2,PCCA,0.94881445
MCM7,TNFRSF12A,0.9476789
OTX2,CRABP2,0.9438285
ID2,CCNH,0.9077693
FOS,NQO1,0.8901014
DDIT3,NQO1,0.8842967
RUVBL1,SMYD3,0.87794054
OTX2,MCM3,0.8755841
MCM3,PLK1,0.8638691
KNTC1,ID2,0.8552426
MCM3,SMYD3,0.8550184
PITX2,DPYSL2,0.8505989
NFYB,HESX1,0.8494432
CRABP2,RBP4,0.84219897
KNTC1,ATG5,0.84015155
KLF6,GSN,0.8346741
MCM3,ID2,0.8214618
OTX2,ATG5,0.81216735
ID2,GSN,0.81181663
PTTG1,MCM7,0.8090787
RUVBL1,BUB1B,0.8068559
MCM4,ATG5,0.8020742
KNTC1,CDK1,0.7870754
PTTG1,ZNF143,0.78399104
DDIT3,SMYD3,0.7729748
KNTC1,MT2A,0.7706404
DDIT3,NIF3L1,0.7635976
KLF6,PLK1,0.75951195
MCM4,ICA1,0.742071
DDIT3,CACYBP,0.73047054
FOS,ACTC1,0.72010285
PITX2,CA2,0.7189509
OTX2,RBP4,0.71797633
MCM3,PCCA,0.7171314
KNTC1,PLCD1,0.71289307
OTX2,SERPINB1,0.71245134
ID2,DPYSL2,0.7115567
KLF6,OTX2,0.7112378
OTX2,TF,0.7082139
ID2,DPCD,0.70384145
ZNF143,ADM,0.68826896
CRABP2,ZWILCH,0.6817745
KNTC1,APEH,0.6773533
KNTC1,BUB1B,0.661253
DDIT3,NFYB,0.6610633
RUVBL1,ATG5,0.6536865
KLF6,KIF20B,0.6531235
KNTC1,SCHIP1,0.6514677
FOS,ZNF143,0.64407563
CRABP2,DPCD,0.6437143
KNTC1,CYP3A5,0.6391338
KLF6,KNTC1,0.63682646
DDIT3,UTRN,0.63608706
FOS,CDK1,0.63588583
KNTC1,NFYB,0.6355386
ZNF143,SMYD3,0.63342685
MCM3,GSN,0.63001555
PITX2,CACYBP,0.6297949
MCM4,PTTG1,0.6267837
DDIT3,ZNF143,0.62536526
OTX2,SCHIP1,0.61352146
CRABP2,TF,0.6127892
RUVBL1,MCM4,0.60754025
MCM7,TPD52L1,0.60412073
PITX2,KIF20B,0.5961776
KLF6,MCM4,0.59610987
RUVBL1,TF,0.59206486
KNTC1,DPCD,0.59018177
DDIT3,CENPF,0.59000754
MCM7,NIF3L1,0.5866007
FOS,KIF20B,0.5847503
CRABP2,DDIT3,0.5813715
ZNF143,UTRN,0.5797946
MCM7,SERPINB1,0.57894367
MCM7,PTTG1,0.5725379
ID2,UBE2T,0.5628268
DDIT3,PITX2,0.5603046
NFYB,PTTG1,0.55909944
MCM7,MCM4,0.5571406
RUVBL1,CRABP2,0.55473554
DDIT3,ASNS,0.553527
MCM4,ACTL6A,0.54509884
DDIT3,TF,0.54360247
MCM3,UTRN,0.53755134
NFYB,CYP3A5,0.5358458
KLF6,CCNH,0.5230002
KLF6,CDK1,0.5200685
ZNF143,KLF6,0.51965153
MCM7,CCNB1,0.5172897
OTX2,GSN,0.51409763
PTTG1,CACYBP,0.5122691
NFYB,DPYSL2,0.5080689
FOS,RBP4,0.5033684
RUVBL1,ID2,0.5021044
KNTC1,LGALS3,0.4990293
CRABP2,LGALS3,0.48396397
KNTC1,KIF20B,0.47944462
MCM4,CA2,0.47907597
MCM3,CRABP2,0.4733835
OTX2,KLF6,0.47147328
CRABP2,ACTC1,0.46748728
MCM3,KIF20B,0.46139282
RUVBL1,ASNS,0.45786387
NFYB,NQO1,0.45721146
MCM4,NIP7,0.45501423
OTX2,VTN,0.4543642
MCM3,BUB1B,0.45143074
DDIT3,ID2,0.4506366
MCM4,MT2A,0.4504232
MCM3,HESX1,0.44892147
KLF6,ACADVL,0.4470007
MCM7,PITX2,0.44601354
ID2,CDK1,0.44592398
RUVBL1,CCNH,0.4394372
ID2,HESX1,0.436235
MCM7,RBP4,0.4351474
ID2,TM2D2,0.4331441
DDIT3,TNFRSF12A,0.42519513
KNTC1,ACTL6A,0.41987526
KNTC1,GSN,0.4146217
PTTG1,CYP3A5,0.41002482
KNTC1,CCNH,0.40822572
MCM7,IQGAP2,0.4080642
PITX2,ACADVL,0.40174425
MCM4,GSN,0.39645922
ID2,TF,0.393797
ID2,NQO1,0.3892785
MCM3,UBE2T,0.38810384
OTX2,NEK2,0.38761115
OTX2,NQO1,0.38083184
FOS,DPCD,0.36820585
FOS,CA2,0.36612988
PITX2,PRKCE,0.36411446
ID2,ICA1,0.35370278
ID2,TPD52L1,0.35208347
KLF6,CCS,0.34861442
ZNF143,CCS,0.3475729
KLF6,VTN,0.34676647
PTTG1,ASNS,0.3401748
PTTG1,TNFRSF12A,0.33959275
ZNF143,KNTC1,0.33712664
MCM3,OTX2,0.33495829
OTX2,TNFRSF12A,0.3299974
MCM4,OTX2,0.32308692
DDIT3,FOS,0.32133728
CRABP2,ICA1,0.314986
DDIT3,PCCA,0.3138137
KNTC1,ACADVL,0.31339154
KNTC1,SMYD3,0.31145987
ID2,PRMT5,0.30868265
CRABP2,PITX2,0.3071048
OTX2,TPD52L1,0.30256307
KNTC1,PTTG1,0.29697084
MCM4,DDIT3,0.2913091
ZNF143,ASNS,0.288465
NFYB,CCNH,0.28058642
CRABP2,PLCD1,0.27876347
KNTC1,TM2D2,0.2670135
NFYB,KNTC1,0.2627933
MCM7,CACYBP,0.25248933
OTX2,MCM4,0.25090146
CRABP2,KIF20B,0.25061584
RUVBL1,CENPF,0.2505218
MCM4,CDK1,0.24650617
KNTC1,CENPF,0.23481351
PTTG1,BUB1B,0.2314108
KNTC1,NIP7,0.22118197
MCM4,CYP3A5,0.22006208
OTX2,ACADVL,0.21903491
ZNF143,CYP3A5,0.21826549
KNTC1,UTRN,0.21471933
NFYB,ADM,0.21270618
NFYB,MCM3,0.21211915
PTTG1,DPCD,0.2087861
ID2,ANAPC7,0.20691288
ID2,UTRN,0.20690972
KLF6,APEH,0.20667246
KLF6,TPD52L1,0.20302162
RUVBL1,NIP7,0.20059855
FOS,ACADVL,0.20002976
ZNF143,NIF3L1,0.19519123
OTX2,HESX1,0.19432075
MCM7,NEK2,0.19420087
KNTC1,TNFRSF12A,0.191125
OTX2,ANAPC7,0.18898606
OTX2,CCNB1,0.18571718
RUVBL1,CAMK2D,0.18453865
MCM4,TPD52L1,0.18366057
PITX2,PTTG1,0.18350632
MCM7,CRABP2,0.18257868
RUVBL1,KIF20B,0.18217337
ZNF143,NIP7,0.18215065
PTTG1,CAMK2D,0.1808802
KLF6,UTRN,0.18074621
KLF6,PTTG1,0.1795063
NFYB,TF,0.1730299
MCM4,SCHIP1,0.17264563
RUVBL1,ANAPC7,0.16719556
KLF6,HESX1,0.1662879
MCM7,SMYD3,0.16603178
KLF6,CENPF,0.15858707
RUVBL1,MCM3,0.15759557
MCM4,PRKCE,0.1474655
NFYB,TM2D2,0.14578128
PTTG1,CENPF,0.14482069
CRABP2,PRKCE,0.14203984
KNTC1,HESX1,0.13703763
ZNF143,TM2D2,0.13680808
ID2,LGALS3,0.1347551
DDIT3,PTTG1,0.13203873
ID2,CACYBP,0.13192996
ZNF143,CA2,0.13162772
OTX2,APEH,0.13025619
MCM3,ZNF143,0.13023475
MCM7,ACTL6A,0.12885483
MCM3,TM2D2,0.12842952
CRABP2,CACYBP,0.12804788
ZNF143,TNFRSF12A,0.12466696
MCM3,DDIT3,0.12419617
KLF6,RBP4,0.12308651
PITX2,ZWILCH,0.12245071
KNTC1,CRABP2,0.12242979
PITX2,NEK2,0.120015115
PTTG1,PITX2,0.119983874
KLF6,DPCD,0.11826503
KNTC1,ANAPC7,0.117712036
MCM3,PTTG1,0.11700553
OTX2,SMYD3,0.11663413
ID2,SMYD3,0.11597329
OTX2,FOS,0.11581054
RUVBL1,DPYSL2,0.11427793
ID2,CRABP2,0.113182545
CRABP2,IQGAP2,0.11303079
KLF6,PLCD1,0.112703376
PTTG1,SCHIP1,0.11209898
NFYB,PLCD1,0.11153704
FOS,ID2,0.11077052
MCM4,RBP4,0.109831184
PITX2,ANAPC7,0.108736694
ID2,NFYB,0.10643895
ZNF143,MCM3,0.104854554
RUVBL1,TM2D2,0.102837235
PTTG1,ACADVL,0.10219473
MCM4,CACYBP,0.10140702
ID2,KIF20B,0.10107523
RUVBL1,CA2,0.09917152
ID2,PCCA,0.098003745
KLF6,DDIT3,0.09768918
ZNF143,PITX2,0.09582409
NFYB,BUB1B,0.094799876
RUVBL1,MCM7,0.09400618
NFYB,ID2,0.09340851
KLF6,RUVBL1,0.09306258
ZNF143,PLCD1,0.092997134
ID2,ATG5,0.09194389
MCM3,CA2,0.09085223
PTTG1,SERPINB1,0.09020844
ZNF143,CCNH,0.08988799
DDIT3,PRKCE,0.08684814
CRABP2,PTTG1,0.08606091
NFYB,ATG5,0.08551383
MCM3,TF,0.084963635
KLF6,TNFRSF12A,0.08463177
CRABP2,ASNS,0.08380749
DDIT3,PLCD1,0.08272843
PITX2,BUB1B,0.08270566
MCM7,ACADVL,0.08270477
DDIT3,OCIAD2,0.08143273
MCM7,LGALS3,0.07945282
MCM4,ZWILCH,0.0794456
ZNF143,SCHIP1,0.0788534
FOS,ASNS,0.07748717
MCM7,KLF6,0.07712648
PTTG1,RBP4,0.076862656
PTTG1,MRPS27,0.076860994
MCM4,SMYD3,0.07601759
PITX2,IQGAP2,0.07523466
KLF6,ZNF143,0.074700914
PITX2,CENPF,0.07463033
FOS,NEK2,0.07410368
MCM4,ACADVL,0.07340659
MCM4,APEH,0.071447015
DDIT3,CYP3A5,0.07121278
RUVBL1,GSN,0.07006824
OTX2,ACTC1,0.06898348
RUVBL1,UTRN,0.068059385
MCM4,ANXA3,0.06778282
KNTC1,PRKCE,0.06539883
ID2,NIP7,0.06520565
MCM3,RUVBL1,0.06401613
OTX2,ID2,0.06278868
NFYB,LGALS3,0.062650084
ID2,CYP3A5,0.06245032
OTX2,PRMT5,0.061124474
DDIT3,ACTC1,0.059710138
CRABP2,CCNB1,0.059261605
MCM7,RUVBL1,0.058019668
PTTG1,PCCA,0.055844516
ZNF143,ACTL6A,0.055642888
MCM4,TF,0.055356108
RUVBL1,APEH,0.055009305
FOS,PITX2,0.05445549
ZNF143,RBP4,0.05438982
RUVBL1,ADM,0.054173052
CRABP2,MCM4,0.05344986
PTTG1,CA2,0.052697986
MCM7,KNTC1,0.05247064
MCM3,TPD52L1,0.052134804
MCM3,LGALS3,0.051869407
MCM7,ADM,0.051376343
NFYB,UTRN,0.050432757
PITX2,UBE2T,0.049798608
MCM7,GSN,0.048096687
KLF6,PRKCE,0.047782272
CRABP2,TNFRSF12A,0.047564663
NFYB,GSN,0.04750991
ID2,SERPINB1,0.047319174
PTTG1,KNTC1,0.046592876
RUVBL1,TPD52L1,0.046201907
DDIT3,TPD52L1,0.04515204
MCM7,PRMT5,0.044771016
MCM3,NEK2,0.043497264
KLF6,ACTC1,0.042334452
DDIT3,NIP7,0.041669145
OTX2,PLCD1,0.040483654
CRABP2,MT2A,0.04038596
MCM3,APEH,0.03990309
RUVBL1,NIF3L1,0.03985417
DDIT3,ATG5,0.039350033
RUVBL1,CCS,0.039165318
MCM3,NIF3L1,0.03799534
ZNF143,TPD52L1,0.03716445
MCM4,UTRN,0.036794648
FOS,WARS,0.035691813
DDIT3,PLK1,0.035340667
ZNF143,APEH,0.035197005
KLF6,MRPS27,0.03515485
PTTG1,FOS,0.034944296
ID2,ACTC1,0.034593403
NFYB,NIF3L1,0.034512714
CRABP2,OTX2,0.034390792
PITX2,OCIAD2,0.03363943
FOS,CENPF,0.03320138
ZNF143,UBE2T,0.032322854
NFYB,PRKCE,0.0321773
RUVBL1,CDK1,0.031548947
ID2,IQGAP2,0.031122833
FOS,ACTL6A,0.030556232
ZNF143,ACTC1,0.029584765
KLF6,ATG5,0.028486192
OTX2,UBE2T,0.0282484
KLF6,CCNB1,0.027682275
MCM4,ACTC1,0.027664423
OTX2,CENPF,0.02750051
RUVBL1,ANXA3,0.027305424
KNTC1,NIF3L1,0.026969418
PTTG1,ACTL6A,0.02678515
ID2,ACTL6A,0.026679933
DDIT3,CCS,0.02555482
OTX2,ADM,0.024874985
ID2,PRKCE,0.024835318
MCM7,NIP7,0.024816334
CRABP2,UBE2T,0.0242538
KLF6,NIF3L1,0.02409777
MCM7,MRPS27,0.023779929
MCM7,CYP3A5,0.022753917
PITX2,APEH,0.022476695
KLF6,WARS,0.02171886
KLF6,ZWILCH,0.020827487
MCM7,VTN,0.019552842
FOS,VTN,0.018443584
KLF6,NQO1,0.018232465
ZNF143,HESX1,0.017991483
CRABP2,NEK2,0.01687628
MCM4,MRPS27,0.01678697
MCM4,PLK1,0.016727574
DDIT3,ADM,0.016380787
NFYB,PRMT5,0.015811175
ZNF143,BUB1B,0.015450984
PTTG1,IQGAP2,0.015141755
PTTG1,CCS,0.014483858
MCM7,TF,0.0144705735
CRABP2,TM2D2,0.01374428
PTTG1,CCNH,0.01327128
PITX2,NIF3L1,0.012828052
NFYB,ACTC1,0.012371197
FOS,PLK1,0.012241617
KLF6,OCIAD2,0.011484891
RUVBL1,LGALS3,0.0110324845
PTTG1,NQO1,0.0102416575
NFYB,TPD52L1,0.009908028
ID2,CENPF,0.009740442
PITX2,ADM,0.0096259415
PTTG1,NIF3L1,0.009448916
KNTC1,ADM,0.00944142
MCM4,ZNF143,0.00915955
RUVBL1,ACTC1,0.008613974
KLF6,ANXA3,0.00800392
CRABP2,CCS,0.007814189
MCM4,DPYSL2,0.0075958073
ID2,MT2A,0.0074515343
FOS,PTTG1,0.0072233677
CRABP2,CAMK2D,0.0068983883
DDIT3,IQGAP2,0.0068534315
CRABP2,NIF3L1,0.006395936
NFYB,KLF6,0.005899608
DDIT3,CCNH,0.0057237744
MCM4,NIF3L1,0.004921071
NFYB,PLK1,0.004401922
NFYB,MRPS27,0.003795445
MCM4,RUVBL1,0.0037419796
MCM3,MCM7,0.0035576522
KLF6,ANAPC7,0.0035125613
NFYB,APEH,0.0033672005
MCM4,CCNH,0.0032225847
FOS,NIP7,0.0031202435
ZNF143,GSN,0.0030916333
KLF6,NIP7,0.00304541
MCM3,ACTC1,0.0027784184
PITX2,CRABP2,0.0027332306
MCM3,NQO1,0.0025193244
CRABP2,PCCA,0.0023416653
MCM7,CAMK2D,0.0015204549
NFYB,ANXA3,0.0005800128
PTTG1,VTN,0.00033593178
KLF6,MCM7,0.00019019842
MCM3,OCIAD2,0.000216797
PTTG1,DPYSL2,0.0002399683
NFYB,NIP7,0.0010797381
KNTC1,PRMT5,0.0013016015
FOS,ANXA3,0.0015301108
PTTG1,ADM,0.001635097
MCM7,CENPF,0.002199635
MCM7,ANXA3,0.0025127232
DDIT3,SERPINB1,0.002534628
FOS,ZWILCH,0.0025517642
MCM4,PRMT5,0.0029236376
FOS,ADM,0.0029395297
MCM3,ANXA3,0.0031084493
DDIT3,RUVBL1,0.0038782954
ID2,NIF3L1,0.0047895163
DDIT3,MT2A,0.00568074
FOS,TPD52L1,0.006072521
CRABP2,WARS,0.006341219
MCM7,DPYSL2,0.0063666105
NFYB,NEK2,0.0067484267
DDIT3,VTN,0.0076233223
MCM7,CCNH,0.0076717734
RUVBL1,VTN,0.0077779144
PTTG1,UBE2T,0.0077986494
NFYB,CCS,0.007946879
MCM7,ANAPC7,0.008291215
PTTG1,ANXA3,0.008475065
MCM3,ADM,0.008522227
ID2,ANXA3,0.008579925
FOS,DPYSL2,0.008668423
PITX2,CDK1,0.009405538
PTTG1,ACTC1,0.009439468
ID2,FOS,0.009610236
ZNF143,PCCA,0.00973583
PTTG1,MCM3,0.009774834
FOS,NIF3L1,0.009957649
PTTG1,TF,0.010104358
DDIT3,UBE2T,0.010175645
FOS,CCNB1,0.010555804
ZNF143,TF,0.010735594
PITX2,ACTC1,0.013017669
RUVBL1,MRPS27,0.013060451
PTTG1,UTRN,0.013606198
MCM7,APEH,0.013851553
MCM7,KIF20B,0.014041275
NFYB,RUVBL1,0.015011191
MCM7,NQO1,0.015087441
DDIT3,ACTL6A,0.015783042
CRABP2,ADM,0.016159713
PTTG1,PRMT5,0.016410947
ID2,VTN,0.016528398
PITX2,ASNS,0.016888484
MCM4,NQO1,0.017088562
PTTG1,NFYB,0.018169343
MCM4,MCM7,0.018756926
NFYB,MCM7,0.01887232
DDIT3,ACADVL,0.018974036
CRABP2,CA2,0.019053146
ZNF143,VTN,0.019557878
NFYB,SCHIP1,0.020095605
OTX2,NIP7,0.02104932
NFYB,ACTL6A,0.021213159
DDIT3,ANXA3,0.02124121
OTX2,LGALS3,0.021297991
PTTG1,NEK2,0.021873929
MCM3,VTN,0.022205979
FOS,TF,0.022287235
CRABP2,ANXA3,0.022440046
MCM3,ACTL6A,0.022546738
PTTG1,HESX1,0.02328121
PITX2,MRPS27,0.02373916
CRABP2,SMYD3,0.023783669
KNTC1,ANXA3,0.02447337
KLF6,PITX2,0.025231428
MCM3,DPCD,0.025573432
FOS,MT2A,0.025914356
ZNF143,DPCD,0.028333146
PITX2,NQO1,0.028629005
PTTG1,PLK1,0.02888155
RUVBL1,TNFRSF12A,0.029125564
NFYB,ASNS,0.029566288
MCM3,NIP7,0.030051384
CRABP2,UTRN,0.030057818
ID2,MCM4,0.030112796
PITX2,NIP7,0.031373233
OTX2,ACTL6A,0.03281063
FOS,HESX1,0.032994017
ZNF143,IQGAP2,0.033477604
NFYB,VTN,0.034010835
PTTG1,ATG5,0.034318328
KLF6,IQGAP2,0.034674227
ID2,CCS,0.03471917
MCM3,WARS,0.035122663
NFYB,WARS,0.03618814
PTTG1,GSN,0.039214402
NFYB,KIF20B,0.039889276
PITX2,RUVBL1,0.040850163
KNTC1,ACTC1,0.041447133
MCM4,UBE2T,0.04267645
KNTC1,KLF6,0.042907655
FOS,PRKCE,0.042977214
OTX2,BUB1B,0.042994022
PTTG1,SMYD3,0.043508865
CRABP2,ACADVL,0.043976575
MCM7,WARS,0.045813084
MCM7,ACTC1,0.047460496
ZNF143,DDIT3,0.048026264
MCM3,ATG5,0.048312396
NFYB,OCIAD2,0.04843743
PITX2,MCM3,0.04893011
PITX2,TF,0.049213614
PTTG1,WARS,0.04999152
MCM7,ATG5,0.050079644
ID2,CA2,0.05104506
CRABP2,CYP3A5,0.05113119
PITX2,TNFRSF12A,0.05114335
CRABP2,CDK1,0.051863953
ZNF143,ACADVL,0.05356893
OTX2,KIF20B,0.05412945
ZNF143,KIF20B,0.05499664
NFYB,OTX2,0.056330383
PTTG1,DDIT3,0.05645492
FOS,CCNH,0.056902587
MCM4,ANAPC7,0.057177328
NFYB,ZNF143,0.057587206
KNTC1,PITX2,0.057625495
PITX2,DPCD,0.057862513
MCM4,PCCA,0.058107853
DDIT3,WARS,0.058250442
RUVBL1,HESX1,0.060812324
PTTG1,OTX2,0.061046004
MCM4,ADM,0.061556607
DDIT3,CRABP2,0.061732113
DDIT3,KLF6,0.062010176
MCM4,FOS,0.062060937
PTTG1,ID2,0.06456268
FOS,ATG5,0.06464219
PITX2,PLCD1,0.06575261
MCM3,CCS,0.06580761
PITX2,KLF6,0.0665827
PITX2,TM2D2,0.06758863
DDIT3,MRPS27,0.06799745
CRABP2,SCHIP1,0.06914359
FOS,CRABP2,0.07004464
PITX2,PLK1,0.07026727
MCM3,SCHIP1,0.070541486
MCM7,PLK1,0.07069403
NFYB,DDIT3,0.071784645
CRABP2,CENPF,0.07322484
ID2,PLCD1,0.07394023
MCM4,KIF20B,0.07440323
CRABP2,TPD52L1,0.076385885
KNTC1,FOS,0.0766297
NFYB,FOS,0.07736187
PITX2,SMYD3,0.078148335
OTX2,DPCD,0.07816672
PTTG1,OCIAD2,0.07848191
MCM3,NFYB,0.07991658
FOS,TM2D2,0.081527665
PTTG1,KLF6,0.08152941
FOS,SMYD3,0.08220552
ID2,OCIAD2,0.082381666
OTX2,IQGAP2,0.08240771
OTX2,MRPS27,0.08278157
KNTC1,ZNF143,0.08360541
MCM4,TNFRSF12A,0.08516616
CRABP2,VTN,0.085921496
PITX2,MCM4,0.09043282
ZNF143,NFYB,0.0927608
OTX2,ZNF143,0.09388417
KNTC1,RBP4,0.09490228
FOS,OCIAD2,0.095710516
MCM7,NFYB,0.09626201
DDIT3,DPCD,0.09751344
MCM7,SCHIP1,0.09780887
ZNF143,CACYBP,0.09988013
ID2,PTTG1,0.100087814
CRABP2,MRPS27,0.1027841
MCM3,ANAPC7,0.10444684
ID2,SCHIP1,0.104552254
RUVBL1,NEK2,0.10520649
MCM4,BUB1B,0.105488054
CRABP2,RUVBL1,0.10577774
RUVBL1,PLK1,0.10637003
ZNF143,PRMT5,0.106765896
CRABP2,MCM3,0.11036624
DDIT3,ANAPC7,0.11275855
ZNF143,OTX2,0.1141451
KNTC1,VTN,0.11870086
OTX2,ANXA3,0.11920205
KNTC1,CACYBP,0.12589452
OTX2,UTRN,0.12878644
PITX2,CAMK2D,0.12929091
FOS,UBE2T,0.12984589
MCM7,DDIT3,0.13026667
ZNF143,MT2A,0.13086396
MCM4,CCNB1,0.13088124
ID2,PLK1,0.13437483
ZNF143,MCM7,0.13633615
PITX2,KNTC1,0.13658315
MCM4,NEK2,0.13885957
FOS,PCCA,0.13901107
OTX2,CDK1,0.14217508
MCM3,CENPF,0.14855495
CRABP2,PLK1,0.14885679
MCM4,TM2D2,0.14895377
CRABP2,ANAPC7,0.15296307
KNTC1,TF,0.15385187
PTTG1,MCM4,0.15397605
FOS,IQGAP2,0.154529
PITX2,ICA1,0.1567703
ZNF143,NQO1,0.1570149
CRABP2,GSN,0.15746175
PITX2,HESX1,0.158072
FOS,PLCD1,0.15830791
KNTC1,CCNB1,0.15838706
RUVBL1,KLF6,0.16415499
OTX2,CACYBP,0.16802841
MCM3,PRKCE,0.17546672
OTX2,PLK1,0.17591238
ZNF143,CENPF,0.17921728
ID2,ZNF143,0.180729
MCM7,CDK1,0.18087964
FOS,APEH,0.18179879
FOS,DDIT3,0.18285814
OTX2,ZWILCH,0.18359128
RUVBL1,SCHIP1,0.1869657
MCM4,PITX2,0.19200528
KLF6,ICA1,0.19218373
CRABP2,MCM7,0.19229823
PITX2,RBP4,0.19641234
MCM3,CYP3A5,0.19751465
NFYB,CCNB1,0.19817638
ZNF143,RUVBL1,0.19893119
MCM3,TNFRSF12A,0.19975773
KLF6,CA2,0.20039177
MCM7,DPCD,0.20342642
CRABP2,ACTL6A,0.21749745
KLF6,FOS,0.21813503
PITX2,MCM7,0.22165269
KNTC1,WARS,0.22261947
FOS,MCM7,0.22379354
ZNF143,CCNB1,0.23141727
DDIT3,MCM7,0.24185969
MCM3,KNTC1,0.24523772
CRABP2,NIP7,0.24806404
FOS,PRMT5,0.2508691
PTTG1,LGALS3,0.25346854
MCM3,ACADVL,0.25677735
PTTG1,KIF20B,0.25731993
PITX2,PRMT5,0.25804752
KLF6,TF,0.26377428
ZNF143,SERPINB1,0.26859322
MCM3,IQGAP2,0.26964065
MCM7,ZNF143,0.26991832
PITX2,ANXA3,0.27655077
PITX2,NFYB,0.27733755
PTTG1,CRABP2,0.2843241
CRABP2,KNTC1,0.2884458
KLF6,ID2,0.28931114
MCM7,HESX1,0.29483002
ZNF143,CAMK2D,0.2951811
ZNF143,CDK1,0.31612423
ID2,ADM,0.31846356
FOS,ICA1,0.3190064
OTX2,NIF3L1,0.32119644
MCM7,ASNS,0.32293308
KLF6,SMYD3,0.32672888
NFYB,ACADVL,0.32996944
OTX2,CYP3A5,0.33134848
NFYB,SMYD3,0.33192202
DDIT3,APEH,0.33554727
OTX2,CCNH,0.3393964
PITX2,ACTL6A,0.34201425
MCM7,MT2A,0.34821522
NFYB,PCCA,0.34872743
MCM3,CCNB1,0.34944582
ID2,RBP4,0.35514644
MCM7,TM2D2,0.35671413
FOS,OTX2,0.37787563
RUVBL1,FOS,0.38242176
MCM3,MT2A,0.39839727
FOS,CACYBP,0.3997992
KLF6,NFYB,0.40000337
NFYB,CDK1,0.401366
KNTC1,MCM7,0.41075653
KLF6,CYP3A5,0.41400304
KLF6,MT2A,0.41414747
ID2,RUVBL1,0.4149579
DDIT3,SCHIP1,0.41496596
MCM4,CAMK2D,0.41543466
ID2,CAMK2D,0.41698822
PITX2,LGALS3,0.41940618
DDIT3,DPYSL2,0.41980368
ZNF143,WARS,0.424849
DDIT3,PRMT5,0.42636913
MCM4,CENPF,0.42673063
RUVBL1,ACTL6A,0.42860454
MCM3,ASNS,0.43063015
MCM7,BUB1B,0.43621767
KLF6,CRABP2,0.44387382
ID2,MCM3,0.44542986
DDIT3,KNTC1,0.4540512
ID2,ACADVL,0.45705444
ZNF143,MCM4,0.4711276
MCM3,ICA1,0.47856078
KNTC1,PLK1,0.48287985
NFYB,RBP4,0.48418137
DDIT3,LGALS3,0.5001999
RUVBL1,CCNB1,0.52300644
FOS,ANAPC7,0.54292685
PITX2,UTRN,0.54632413
PTTG1,NIP7,0.54988086
ID2,DDIT3,0.55897415
MCM4,HESX1,0.5609232
ZNF143,OCIAD2,0.5634393
RUVBL1,PCCA,0.5676545
KLF6,PRMT5,0.5681741
RUVBL1,CYP3A5,0.5693627
MCM3,CDK1,0.58109856
NFYB,PITX2,0.582711
RUVBL1,PITX2,0.5834023
RUVBL1,PLCD1,0.5870929
FOS,KLF6,0.60739374
MCM4,PLCD1,0.6084604
ZNF143,ATG5,0.6214725
FOS,BUB1B,0.62717533
PTTG1,CDK1,0.64041144
RUVBL1,IQGAP2,0.6448791
PITX2,MT2A,0.6479596
PTTG1,APEH,0.6498204
KNTC1,PCCA,0.65699136
ZNF143,ANXA3,0.6684831
MCM7,UTRN,0.67167217
KLF6,LGALS3,0.6826961
MCM4,IQGAP2,0.6871918
RUVBL1,DPCD,0.7189324
ZNF143,PLK1,0.73961437
CRABP2,SERPINB1,0.7440049
PTTG1,CCNB1,0.7518251
RUVBL1,ACADVL,0.7535549
CRABP2,CCNH,0.76239586
KLF6,ACTL6A,0.7726629
FOS,MCM4,0.7847356
KNTC1,TPD52L1,0.7920867
KLF6,DPYSL2,0.808804
FOS,TNFRSF12A,0.8200907
PITX2,VTN,0.8233838
MCM7,FOS,0.82559824
PITX2,CCNH,0.82611537
MCM3,PLCD1,0.82887465
DDIT3,ZWILCH,0.83530796
KNTC1,CAMK2D,0.84325397
CRABP2,DPYSL2,0.8490768
KNTC1,NQO1,0.8533472
NFYB,UBE2T,0.85574174
OTX2,MT2A,0.8594358
MCM4,VTN,0.86032933
KLF6,PCCA,0.8658527
CRABP2,KLF6,0.8699157
CRABP2,FOS,0.86993307
DDIT3,RBP4,0.8713912
DDIT3,CDK1,0.8737495
KNTC1,IQGAP2,0.8825493
RUVBL1,NQO1,0.8943859
OTX2,CAMK2D,0.9108708
RUVBL1,DDIT3,0.91309047
KNTC1,UBE2T,0.93706495
KNTC1,NEK2,0.9399688
MCM4,WARS,0.9453276
DDIT3,GSN,0.9470384
PITX2,ATG5,0.94742537
OTX2,DDIT3,0.9481282
FOS,CAMK2D,0.9534603
NFYB,CAMK2D,0.95649225
DDIT3,CA2,0.97078866
KLF6,NEK2,0.9763715
MCM3,SERPINB1,0.9907013
MCM3,CCNH,1.0207294
KNTC1,ZWILCH,1.0243965
FOS,GSN,1.0316011
ID2,NEK2,1.0326533
KLF6,SCHIP1,1.0351284
RUVBL1,ZNF143,1.0355589
ZNF143,ICA1,1.0390849
MCM4,MCM3,1.0783958
MCM7,MCM3,1.0801907
KNTC1,DDIT3,1.1040258
ID2,ASNS,1.1090939
DDIT3,CCNB1,1.1097732
PTTG1,TM2D2,1.1281216
NFYB,IQGAP2,1.1301986
DDIT3,NEK2,1.1355342
CRABP2,ID2,1.1360637
MCM3,CACYBP,1.1734684
DDIT3,MCM3,1.2258676
MCM4,CRABP2,1.2266853
RUVBL1,WARS,1.2351568
RUVBL1,CACYBP,1.2404449
DDIT3,CAMK2D,1.2651106
MCM7,ZWILCH,1.2655842
NFYB,ZWILCH,1.2805562
DDIT3,HESX1,1.2907791
ID2,CCNB1,1.2936159
DDIT3,ICA1,1.3002075
MCM3,PRMT5,1.3141165
OTX2,WARS,1.3387828
DDIT3,BUB1B,1.3478049
ID2,BUB1B,1.3522071
MCM3,CAMK2D,1.3533078
NFYB,CACYBP,1.365985
FOS,CYP3A5,1.3883141
CRABP2,OCIAD2,1.4016387
FOS,RUVBL1,1.4025706
KLF6,UBE2T,1.4461334
PITX2,CCNB1,1.4682796
OTX2,TM2D2,1.4759121
PTTG1,PLCD1,1.5009493
ID2,TNFRSF12A,1.5415676
RUVBL1,UBE2T,1.6486552
CRABP2,ZNF143,1.6561496
MCM3,MCM4,1.6587827
FOS,KNTC1,1.705761
MCM4,LGALS3,1.7103353
ID2,ZWILCH,1.7149053
ZNF143,CRABP2,1.741617
CRABP2,NFYB,1.7593585
PITX2,SCHIP1,1.7858073
NFYB,ANAPC7,1.8233255
MCM4,ASNS,1.8282804
PITX2,WARS,1.8881506
NFYB,CRABP2,1.9452534
RUVBL1,ZWILCH,1.9554734
KNTC1,ASNS,1.9916956
PITX2,GSN,2.2008297
DDIT3,OTX2,2.221765
RUVBL1,RBP4,2.2235043
KLF6,MCM3,2.5606565
MCM3,KLF6,2.7575197
PITX2,ID2,2.9401412
ID2,PITX2,3.1827562
ID2,DDIT3,5.034656
DDIT3,ID2,4.9472995
KLF6,PTTG1,4.4391804
MCM4,KNTC1,4.2300906
KNTC1,MCM4,4.0201683
OTX2,KNTC1,3.5830576
KNTC1,WARS,3.3523393
PITX2,PTTG1,2.8941617
ID2,KLF6,2.842483
KNTC1,OTX2,2.6752748
KLF6,SCHIP1,2.6472187
PTTG1,PITX2,2.6218693
NFYB,CDK1,2.352243
MCM4,CCS,2.3460255
NFYB,MCM4,2.3146803
CRABP2,ZNF143,2.3067007
MCM4,CDK1,2.2876253
ZNF143,CRABP2,2.2595463
DDIT3,KLF6,2.2403576
PTTG1,KIF20B,2.2102408
KLF6,OCIAD2,2.2094848
KLF6,CRABP2,2.1720393
MCM3,CDK1,2.1316895
KLF6,CENPF,2.094647
ZNF143,FOS,2.0774674
KLF6,ACTL6A,2.0056322
PTTG1,CCNB1,2.004908
KLF6,SMYD3,1.9962806
NFYB,RBP4,1.9896083
MCM4,MCM3,1.9695015
DDIT3,NFYB,1.9235424
MCM7,PITX2,1.908024
CRABP2,PLCD1,1.8406899
MCM4,NFYB,1.8249018
KLF6,KIF20B,1.8169813
DDIT3,TM2D2,1.8129745
ID2,RBP4,1.784014
KNTC1,IQGAP2,1.7733754
KNTC1,PLCD1,1.7701854
MCM4,ICA1,1.7022436
MCM7,KLF6,1.6758724
OTX2,ZNF143,1.6725132
CRABP2,CDK1,1.6630125
ZNF143,KLF6,1.6496502
MCM3,ZNF143,1.6273496
MCM4,PLCD1,1.6078091
FOS,CDK1,1.6044815
ZNF143,WARS,1.5880007
KLF6,CCNH,1.5621996
MCM3,MCM4,1.5212761
ZNF143,CCNB1,1.5007191
RUVBL1,TM2D2,1.4744917
OTX2,NEK2,1.4620343
ZNF143,OCIAD2,1.4561827
KLF6,PLK1,1.4412904
KNTC1,CCNH,1.417748
CRABP2,OCIAD2,1.4062206
KLF6,CA2,1.4038892
CRABP2,HESX1,1.4029765
RUVBL1,ATG5,1.3704429
NFYB,CRABP2,1.359082
RUVBL1,PTTG1,1.3508177
MCM3,TM2D2,1.3441261
PITX2,MCM7,1.2843566
MCM3,ICA1,1.2780352
ZNF143,ZWILCH,1.2743584
FOS,MCM4,1.2573258
MCM4,CA2,1.2421124
NFYB,ACADVL,1.2319477
CRABP2,CCNH,1.2278625
PTTG1,NIP7,1.2191095
PITX2,DDIT3,1.2185383
MCM7,TPD52L1,1.186164
NFYB,MCM3,1.1842428
NFYB,TNFRSF12A,1.1797789
DDIT3,RBP4,1.1786938
FOS,LGALS3,1.1754291
RUVBL1,KNTC1,1.1711004
NFYB,NQO1,1.1676589
MCM7,CCS,1.1497556
MCM4,NIP7,1.1445643
FOS,TM2D2,1.1413705
MCM7,HESX1,1.1401944
KLF6,CDK1,1.1381334
CRABP2,KLF6,1.1223601
PTTG1,RUVBL1,1.1120837
CRABP2,PLK1,1.1006236
MCM7,CCNB1,1.0964309
MCM4,ASNS,1.0895588
KLF6,ACADVL,1.0877054
MCM3,FOS,1.087472
MCM3,CRABP2,1.085225
PITX2,VTN,1.0727916
KNTC1,DPYSL2,1.0650383
PITX2,CCNB1,1.0582713
MCM3,PCCA,1.056379
PTTG1,CENPF,1.056155
FOS,ZNF143,1.0534179
OTX2,WARS,1.0486457
MCM4,WARS,1.0293548
PTTG1,BUB1B,1.0225075
ID2,DPYSL2,1.0220683
MCM3,TNFRSF12A,1.021543
RUVBL1,ZWILCH,1.0185659
KNTC1,MCM3,1.0108044
ZNF143,PLCD1,1.0068765
MCM4,CRABP2,1.000866
OTX2,ASNS,0.99840677
RUVBL1,KIF20B,0.98924226
ID2,TNFRSF12A,0.98893064
DDIT3,ZWILCH,0.9846187
KNTC1,PLK1,0.9838053
FOS,KNTC1,0.97932506
ID2,SCHIP1,0.95646954
FOS,NFYB,0.94695395
CRABP2,SERPINB1,0.9406454
KLF6,NFYB,0.93153846
ID2,ICA1,0.9254393
MCM3,CCNB1,0.92389643
CRABP2,KIF20B,0.9195488
ID2,CDK1,0.91806364
KLF6,VTN,0.9013669
KLF6,PITX2,0.9011334
PITX2,BUB1B,0.8982316
NFYB,LGALS3,0.8937127
DDIT3,TF,0.89268225
RUVBL1,CRABP2,0.8916333
PITX2,CCS,0.8896856
FOS,MCM3,0.8809099
PITX2,KLF6,0.87277555
DDIT3,TNFRSF12A,0.8637094
PTTG1,APEH,0.84919167
DDIT3,NIF3L1,0.8445249
PTTG1,ACTC1,0.8367722
CRABP2,ATG5,0.8340455
ID2,CCNH,0.830203
KNTC1,ASNS,0.82935506
DDIT3,FOS,0.8280997
OTX2,CCNB1,0.81996584
KNTC1,RUVBL1,0.81766945
KNTC1,KIF20B,0.8144648
PITX2,RBP4,0.81124645
OTX2,PRKCE,0.8078971
PITX2,TM2D2,0.8034701
PTTG1,TPD52L1,0.7968476
MCM3,SMYD3,0.78984827
KNTC1,ICA1,0.7853855
NFYB,ANAPC7,0.7849715
OTX2,FOS,0.7767823
KLF6,LGALS3,0.7654674
OTX2,DPYSL2,0.7638627
RUVBL1,FOS,0.7607343
RUVBL1,NFYB,0.75571567
ZNF143,NIF3L1,0.74516594
KLF6,GSN,0.73153955
PITX2,ZWILCH,0.72951466
KNTC1,MRPS27,0.7245258
PITX2,CACYBP,0.7119875
FOS,WARS,0.70436835
RUVBL1,MCM3,0.6986183
NFYB,CA2,0.692807
ZNF143,CDK1,0.6912427
PTTG1,TM2D2,0.687872
MCM7,RUVBL1,0.6815181
MCM4,ANXA3,0.676431
FOS,SMYD3,0.6703409
KLF6,PRMT5,0.66794163
MCM7,ASNS,0.66759753
CRABP2,CACYBP,0.6659523
PITX2,GSN,0.6649947
DDIT3,ASNS,0.66495115
PITX2,KIF20B,0.6610257
OTX2,TF,0.6569586
OTX2,RUVBL1,0.6505314
OTX2,CAMK2D,0.6466815
MCM4,IQGAP2,0.6425067
MCM7,PTTG1,0.6414614
DDIT3,CA2,0.6410682
MCM7,TM2D2,0.6398191
DDIT3,ACTC1,0.633712
FOS,RUVBL1,0.63165224
MCM3,ASNS,0.62890905
OTX2,RBP4,0.62755287
KLF6,APEH,0.6230307
KNTC1,CDK1,0.6193777
KLF6,DPYSL2,0.6171752
ZNF143,APEH,0.6076895
ID2,APEH,0.6074183
PITX2,ANAPC7,0.60706
DDIT3,KIF20B,0.59851396
PITX2,PRMT5,0.5882872
KNTC1,APEH,0.582464
ID2,CAMK2D,0.57801604
KLF6,SERPINB1,0.57451224
OTX2,CCS,0.5665479
PITX2,PCCA,0.5635731
FOS,DPCD,0.56245744
ZNF143,ID2,0.56075126
PTTG1,TNFRSF12A,0.55254215
ZNF143,MRPS27,0.5478798
MCM3,ID2,0.540528
RUVBL1,MCM4,0.5289331
PTTG1,ANAPC7,0.5231963
ZNF143,NIP7,0.5195759
DDIT3,PRMT5,0.5088366
KNTC1,BUB1B,0.508097
MCM7,ACTL6A,0.5069792
ID2,NQO1,0.5010035
MCM3,MRPS27,0.49766958
MCM3,CACYBP,0.49553904
FOS,PRMT5,0.4919083
KNTC1,ACTC1,0.4901188
PTTG1,CAMK2D,0.48479745
NFYB,KNTC1,0.4754482
OTX2,VTN,0.474122
KNTC1,MT2A,0.47095695
MCM7,TNFRSF12A,0.4503126
KLF6,ID2,0.4465233
DDIT3,TPD52L1,0.44624585
ZNF143,SERPINB1,0.44412908
OTX2,OCIAD2,0.4440115
FOS,KLF6,0.442898
PTTG1,MT2A,0.434229
KLF6,MCM3,0.43260923
MCM7,RBP4,0.43043876
PTTG1,CRABP2,0.4303164
MCM3,TF,0.42985043
RUVBL1,CACYBP,0.42746964
ZNF143,CCNH,0.42359242
FOS,TNFRSF12A,0.4154976
DDIT3,SCHIP1,0.41363016
FOS,MRPS27,0.40875274
MCM3,ZWILCH,0.4052545
ID2,PRMT5,0.40304255
FOS,ICA1,0.3875579
KNTC1,ZWILCH,0.3862221
FOS,ATG5,0.38462186
MCM3,CCNH,0.38400784
MCM7,NEK2,0.38234186
ID2,BUB1B,0.3819753
PITX2,ACTL6A,0.38136253
OTX2,PCCA,0.3673828
RUVBL1,ASNS,0.3669026
PTTG1,UTRN,0.3668875
PITX2,ICA1,0.36543882
CRABP2,NIP7,0.3627354
CRABP2,CENPF,0.36260763
OTX2,BUB1B,0.36218733
KNTC1,ZNF143,0.3447779
RUVBL1,MRPS27,0.34177294
PITX2,RUVBL1,0.3403992
DDIT3,PITX2,0.33988371
KLF6,CCS,0.33687866
OTX2,MT2A,0.3338415
MCM7,ADM,0.33143818
KNTC1,LGALS3,0.32915804
ZNF143,MT2A,0.32763886
OTX2,NIF3L1,0.32325572
CRABP2,KNTC1,0.3206275
RUVBL1,NIP7,0.31664243
CRABP2,MCM3,0.31561372
RUVBL1,PRMT5,0.31539357
DDIT3,PCCA,0.3149094
KNTC1,CACYBP,0.3034406
ZNF143,LGALS3,0.3002628
PITX2,ID2,0.30008376
KNTC1,VTN,0.29635632
ID2,MCM4,0.29347703
PITX2,NQO1,0.2913218
OTX2,MCM4,0.29092395
KLF6,TM2D2,0.28795978
KNTC1,NEK2,0.28762805
NFYB,PCCA,0.28441483
ID2,NIF3L1,0.28282967
DDIT3,CACYBP,0.28181207
DDIT3,LGALS3,0.27707982
PITX2,CA2,0.27612448
KNTC1,DPCD,0.27530754
KLF6,PRKCE,0.27299064
NFYB,CACYBP,0.26470459
DDIT3,PRKCE,0.25806272
KLF6,UBE2T,0.25693458
FOS,SERPINB1,0.25605905
DDIT3,SMYD3,0.2527721
RUVBL1,ACTL6A,0.25239038
KNTC1,FOS,0.25106585
NFYB,ASNS,0.24676487
ZNF143,OTX2,0.24456534
CRABP2,PITX2,0.24319436
ID2,TM2D2,0.23980725
MCM7,WARS,0.23697492
RUVBL1,OTX2,0.23596467
KLF6,NQO1,0.22896972
PTTG1,OTX2,0.22673905
OTX2,CDK1,0.22640201
KNTC1,KLF6,0.22557114
KLF6,BUB1B,0.22413883
ID2,ACTC1,0.21797878
ZNF143,ANAPC7,0.21637912
NFYB,TPD52L1,0.20953816
MCM4,TPD52L1,0.20884103
OTX2,ANAPC7,0.20531884
DDIT3,CDK1,0.20266595
PTTG1,ADM,0.19992858
OTX2,IQGAP2,0.19302103
MCM7,PRKCE,0.1920254
MCM4,CCNH,0.1871717
ZNF143,ICA1,0.18655762
ID2,SMYD3,0.18613379
FOS,OCIAD2,0.18072236
MCM7,UTRN,0.17741619
CRABP2,IQGAP2,0.17271084
KLF6,PLCD1,0.17227703
DDIT3,CRABP2,0.171726
ID2,PITX2,0.16981348
PITX2,ANXA3,0.169153
MCM7,ZNF143,0.16476014
ID2,TPD52L1,0.16134702
NFYB,CENPF,0.15792736
MCM7,ZWILCH,0.1567176
MCM4,LGALS3,0.15583372
ID2,NFYB,0.15220231
CRABP2,ICA1,0.15188669
MCM3,HESX1,0.15100466
MCM4,ACADVL,0.1490711
MCM3,DPCD,0.14703237
FOS,TPD52L1,0.14688748
PITX2,NFYB,0.14625818
MCM7,KIF20B,0.14396055
NFYB,CCS,0.14273137
NFYB,ACTL6A,0.13836741
PTTG1,CCS,0.13823754
FOS,CCNB1,0.13628882
NFYB,TF,0.12983108
DDIT3,IQGAP2,0.12813443
RUVBL1,MT2A,0.123979
ID2,PLK1,0.12350047
NFYB,SCHIP1,0.12303397
KLF6,ANAPC7,0.12221965
PITX2,UBE2T,0.12213941
CRABP2,CA2,0.12201566
ID2,UBE2T,0.11972999
KLF6,MCM7,0.11946203
FOS,PRKCE,0.11698494
OTX2,MCM3,0.116969824
FOS,DPYSL2,0.11519092
FOS,CCNH,0.11112262
MCM3,CA2,0.11095833
MCM7,CCNH,0.110540114
PITX2,ACTC1,0.11035481
DDIT3,BUB1B,0.10669756
FOS,MT2A,0.10527474
MCM7,NFYB,0.10505885
FOS,NEK2,0.10063709
ID2,ANAPC7,0.10015112
ZNF143,ADM,0.09910458
RUVBL1,UBE2T,0.098117396
KLF6,TNFRSF12A,0.097250044
FOS,ADM,0.09674552
MCM7,PRMT5,0.0959003
MCM4,ZWILCH,0.09274584
MCM3,DPYSL2,0.08954172
PTTG1,SERPINB1,0.08912453
DDIT3,ADM,0.08817124
RUVBL1,PLCD1,0.08803481
PTTG1,CA2,0.087601274
FOS,ASNS,0.08711818
DDIT3,WARS,0.08265853
CRABP2,TPD52L1,0.08189817
PTTG1,NFYB,0.08170861
DDIT3,GSN,0.08057892
MCM4,ADM,0.078336895
PTTG1,CDK1,0.07817921
MCM7,CAMK2D,0.07786106
FOS,ZWILCH,0.07643195
OTX2,SERPINB1,0.07411969
MCM7,SERPINB1,0.07356447
PTTG1,DPYSL2,0.07138951
OTX2,DPCD,0.07079384
PTTG1,DDIT3,0.07076675
CRABP2,RUVBL1,0.06972161
RUVBL1,TPD52L1,0.06965958
MCM4,PCCA,0.0688715
OTX2,NIP7,0.068861336
MCM4,ACTL6A,0.067059875
MCM3,OCIAD2,0.06697211
PTTG1,ATG5,0.06690711
PITX2,HESX1,0.06637558
CRABP2,SCHIP1,0.066168
KNTC1,NIF3L1,0.06581792
NFYB,ACTC1,0.06533098
CRABP2,TM2D2,0.06457639
DDIT3,MT2A,0.06435481
OTX2,UBE2T,0.06390145
MCM4,NQO1,0.06337102
CRABP2,UBE2T,0.06240517
ID2,ZWILCH,0.062271744
MCM4,DPYSL2,0.06181699
DDIT3,VTN,0.05955261
CRABP2,CYP3A5,0.0592089
DDIT3,PLK1,0.05823952
ID2,ANXA3,0.05562198
MCM3,CCS,0.05536063
KLF6,DDIT3,0.054891825
ZNF143,ACADVL,0.053315565
MCM3,NFYB,0.05228533
PITX2,APEH,0.052078664
ID2,VTN,0.05194956
CRABP2,ANAPC7,0.051492825
RUVBL1,ADM,0.050247222
ID2,KIF20B,0.049762666
DDIT3,MRPS27,0.049533248
NFYB,DDIT3,0.048907362
ZNF143,DPYSL2,0.04861343
MCM3,PITX2,0.04706672
MCM3,DDIT3,0.04675263
CRABP2,MCM4,0.04640869
MCM7,ACADVL,0.045179993
PITX2,NIF3L1,0.044794105
CRABP2,PRKCE,0.04308492
DDIT3,ANXA3,0.042940944
KLF6,CYP3A5,0.041773707
CRABP2,ACADVL,0.041539222
PTTG1,MRPS27,0.0406895
MCM4,NIF3L1,0.039895594
MCM4,PLK1,0.039604954
KLF6,HESX1,0.039387986
PTTG1,SMYD3,0.0393517
PITX2,CAMK2D,0.039036214
PTTG1,ANXA3,0.03886074
RUVBL1,TNFRSF12A,0.038475007
FOS,PLCD1,0.03838575
KNTC1,CENPF,0.038107276
KLF6,DPCD,0.03657961
KLF6,UTRN,0.03422615
MCM4,ANAPC7,0.0339009
MCM3,CENPF,0.033731554
NFYB,BUB1B,0.03356561
MCM3,MT2A,0.033283547
PITX2,OCIAD2,0.03304656
PTTG1,WARS,0.030869871
OTX2,ID2,0.03026259
MCM3,ACADVL,0.029373456
ZNF143,VTN,0.028667867
RUVBL1,HESX1,0.028667852
KLF6,RUVBL1,0.027570099
MCM3,OTX2,0.027555745
NFYB,MRPS27,0.025774695
ID2,GSN,0.025451362
RUVBL1,CDK1,0.025412679
ZNF143,CYP3A5,0.02524206
DDIT3,DPCD,0.024969697
MCM3,NIF3L1,0.023326986
MCM7,PLK1,0.022397563
MCM7,CYP3A5,0.02174355
KLF6,MRPS27,0.021273911
ZNF143,TPD52L1,0.021262854
KLF6,TPD52L1,0.020669907
MCM7,NIP7,0.019948859
CRABP2,CCS,0.018820971
NFYB,KLF6,0.01847145
RUVBL1,SCHIP1,0.017977268
MCM7,DPCD,0.01741007
NFYB,ANXA3,0.017397344
FOS,NIF3L1,0.01697576
KLF6,IQGAP2,0.015306264
NFYB,DPYSL2,0.015257128
PITX2,TNFRSF12A,0.015166998
KNTC1,TF,0.015024304
PITX2,PLCD1,0.014535755
CRABP2,GSN,0.01427871
MCM3,ANAPC7,0.014137551
MCM7,CENPF,0.013940513
CRABP2,NIF3L1,0.013910413
CRABP2,UTRN,0.013050564
MCM3,RUVBL1,0.012916565
PTTG1,CYP3A5,0.011975333
OTX2,PLK1,0.011755317
PTTG1,PCCA,0.0109864175
MCM4,MRPS27,0.01084058
KNTC1,CAMK2D,0.010772675
KLF6,NIP7,0.010335587
NFYB,CCNB1,0.0091499835
OTX2,CENPF,0.008219779
NFYB,UTRN,0.008207619
OTX2,ADM,0.008103311
MCM3,NQO1,0.007874489
PTTG1,PRMT5,0.0071856678
DDIT3,HESX1,0.0061914176
FOS,ANXA3,0.005886726
MCM3,NEK2,0.005359113
ZNF143,ASNS,0.0048137307
PTTG1,PLK1,0.0041496754
NFYB,ATG5,0.003423214
RUVBL1,ANXA3,0.0031635016
MCM4,TF,0.0029301047
ZNF143,GSN,0.0028912015
MCM7,BUB1B,0.0025987625
OTX2,PRMT5,0.0025935173
MCM3,KLF6,0.0016566664
MCM7,APEH,0.0013869703
NFYB,NIP7,0.0013779402
PTTG1,NEK2,0.0006710291
PITX2,PLK1,0.00048269331
MCM7,CRABP2,0.00010406971
RUVBL1,TF,0.00062173605
RUVBL1,CYP3A5,0.00093504786
PTTG1,ACTL6A,0.0010507405
KLF6,NIF3L1,0.0011840165
MCM7,GSN,0.0019153953
FOS,NIP7,0.0031387657
KNTC1,ADM,0.0031778216
CRABP2,ANXA3,0.0032514334
ZNF143,UBE2T,0.0034780204
ID2,CACYBP,0.005078435
OTX2,TM2D2,0.005206436
MCM7,VTN,0.005696386
MCM3,ACTL6A,0.006004721
PITX2,DPCD,0.0070485473
MCM4,APEH,0.0070920587
RUVBL1,PLK1,0.007788077
DDIT3,ANAPC7,0.00783544
FOS,UBE2T,0.007869318
MCM4,CYP3A5,0.008197263
ZNF143,ACTC1,0.008972704
KNTC1,GSN,0.009459674
OTX2,MRPS27,0.009475023
MCM7,DPYSL2,0.009768665
FOS,PLK1,0.010032209
ZNF143,TNFRSF12A,0.01026988
MCM3,VTN,0.010515019
RUVBL1,APEH,0.010557711
PTTG1,VTN,0.010559082
KLF6,CCNB1,0.010647036
CRABP2,TNFRSF12A,0.010795295
MCM3,LGALS3,0.010922551
RUVBL1,VTN,0.011353493
CRABP2,ADM,0.011863172
MCM3,ADM,0.011898089
MCM7,MRPS27,0.014088839
OTX2,APEH,0.014372647
RUVBL1,LGALS3,0.014548197
NFYB,PRKCE,0.014735758
CRABP2,MT2A,0.014758274
KLF6,ANXA3,0.014854185
MCM3,MCM7,0.015901566
RUVBL1,MCM7,0.01601845
MCM7,SMYD3,0.016041413
DDIT3,PTTG1,0.01696255
MCM7,SCHIP1,0.01813811
RUVBL1,UTRN,0.018406302
PTTG1,UBE2T,0.01865691
MCM3,UTRN,0.01902105
MCM7,TF,0.0190802
NFYB,PLK1,0.019249797
MCM4,DPCD,0.020699993
NFYB,VTN,0.021820042
RUVBL1,GSN,0.022012766
MCM4,CACYBP,0.02234459
MCM7,CACYBP,0.02284056
NFYB,NIF3L1,0.024532052
KLF6,ACTC1,0.025743961
RUVBL1,CCS,0.025921494
FOS,TF,0.026445404
ZNF143,DPCD,0.026518106
PITX2,ADM,0.026596129
NFYB,RUVBL1,0.026829898
MCM4,UTRN,0.026949227
OTX2,ACADVL,0.027077883
MCM3,PRKCE,0.02756726
PTTG1,GSN,0.02781564
PITX2,TPD52L1,0.027940452
PITX2,SCHIP1,0.02824843
RUVBL1,DPYSL2,0.029625863
PITX2,NIP7,0.029729372
MCM3,NIP7,0.030789912
PITX2,MRPS27,0.03153017
MCM7,ANXA3,0.031585433
MCM4,RUVBL1,0.03283608
ZNF143,TF,0.03290745
RUVBL1,NIF3L1,0.032945924
CRABP2,CCNB1,0.034350395
MCM7,ANAPC7,0.035024446
MCM3,KIF20B,0.035867557
NFYB,ZWILCH,0.036036193
RUVBL1,ACTC1,0.0364061
NFYB,TM2D2,0.03650418
DDIT3,CCS,0.036533892
ZNF143,RBP4,0.03705573
FOS,ACTL6A,0.03720906
ID2,UTRN,0.038539603
OTX2,HESX1,0.039037943
RUVBL1,ACADVL,0.039409686
NFYB,KIF20B,0.039521523
RUVBL1,RBP4,0.03964299
ID2,ZNF143,0.040006578
ID2,IQGAP2,0.040227532
PITX2,TF,0.04048326
CRABP2,RBP4,0.040648036
ID2,MCM3,0.040869683
MCM3,APEH,0.04089427
CRABP2,CAMK2D,0.041196316
MCM4,GSN,0.04128743
NFYB,PRMT5,0.04174027
MCM7,DDIT3,0.04215479
MCM4,CAMK2D,0.04220581
MCM3,ANXA3,0.04224445
FOS,PCCA,0.04311341
KNTC1,ACADVL,0.04475835
CRABP2,PTTG1,0.045850188
PITX2,CRABP2,0.04614508
MCM3,ACTC1,0.047749132
ZNF143,PRMT5,0.047800213
CRABP2,MRPS27,0.047855258
ID2,TF,0.049663454
MCM4,PITX2,0.050470978
KNTC1,ANXA3,0.05128023
MCM4,MCM7,0.051345237
CRABP2,NEK2,0.05218795
NFYB,SERPINB1,0.056197286
ZNF143,RUVBL1,0.056310713
PTTG1,ICA1,0.05635315
MCM7,CA2,0.056749035
NFYB,GSN,0.056833476
OTX2,SCHIP1,0.05704406
OTX2,ACTC1,0.057506993
MCM4,ACTC1,0.058878183
PITX2,IQGAP2,0.05915875
NFYB,NEK2,0.0591875
KNTC1,UTRN,0.05933711
CRABP2,DPCD,0.0608975
RUVBL1,CENPF,0.060997203
NFYB,OCIAD2,0.06225148
ZNF143,HESX1,0.062874764
OTX2,CACYBP,0.0645476
MCM4,PRMT5,0.06508609
MCM7,KNTC1,0.06560427
FOS,VTN,0.066137
PTTG1,HESX1,0.06628452
KNTC1,CCNB1,0.06745428
MCM7,NQO1,0.067696944
ID2,PTTG1,0.067786425
PTTG1,NQO1,0.06802046
PTTG1,KLF6,0.06825471
MCM4,TNFRSF12A,0.06866574
FOS,HESX1,0.069429606
FOS,ACADVL,0.0700236
PTTG1,ACADVL,0.070417345
RUVBL1,CA2,0.071400166
RUVBL1,OCIAD2,0.072178364
DDIT3,CYP3A5,0.07225609
ID2,ACTL6A,0.073078215
ZNF143,CAMK2D,0.07393082
KNTC1,PRMT5,0.07457909
OTX2,ACTL6A,0.07852602
PTTG1,MCM3,0.07876904
FOS,ID2,0.07891725
PITX2,CENPF,0.08290369
ZNF143,TM2D2,0.08376223
DDIT3,OCIAD2,0.08440566
DDIT3,ACTL6A,0.08542737
OTX2,PLCD1,0.08549848
NFYB,OTX2,0.08568731
MCM7,ATG5,0.08582032
NFYB,FOS,0.08627629
DDIT3,RUVBL1,0.08711144
MCM3,RBP4,0.08975914
ZNF143,MCM3,0.09003098
ZNF143,CACYBP,0.09146634
ZNF143,PCCA,0.09233524
PTTG1,TF,0.09379797
PTTG1,NIF3L1,0.09466684
RUVBL1,PITX2,0.09521717
DDIT3,NEK2,0.09604606
MCM3,ATG5,0.09779465
PTTG1,OCIAD2,0.09815387
MCM3,TPD52L1,0.09897662
MCM3,KNTC1,0.10021627
MCM4,KIF20B,0.100589305
DDIT3,ATG5,0.100700796
KNTC1,TM2D2,0.10180237
MCM4,SMYD3,0.102262095
PTTG1,CCNH,0.10243586
ID2,SERPINB1,0.103931636
CRABP2,PCCA,0.10432316
DDIT3,UBE2T,0.10443419
ID2,ATG5,0.1046502
MCM7,OCIAD2,0.105096206
KLF6,ATG5,0.10582304
DDIT3,NIP7,0.11317766
FOS,CENPF,0.114810035
ID2,CYP3A5,0.11737037
ZNF143,PRKCE,0.11803633
MCM4,BUB1B,0.11937998
MCM4,RBP4,0.11981481
ID2,CCS,0.12094784
KNTC1,PRKCE,0.12324947
OTX2,LGALS3,0.123951375
MCM3,WARS,0.12515657
PITX2,NEK2,0.12541643
MCM7,CDK1,0.12600085
MCM4,PRKCE,0.12606202
MCM7,LGALS3,0.126742
PITX2,MCM3,0.12739447
KLF6,ZNF143,0.12897623
OTX2,CCNH,0.12972713
MCM4,TM2D2,0.13122821
RUVBL1,KLF6,0.13173422
FOS,APEH,0.13341996
RUVBL1,BUB1B,0.13399816
MCM7,MCM3,0.13520734
MCM7,OTX2,0.13655463
ZNF143,PITX2,0.13730043
KNTC1,SMYD3,0.13773331
ID2,NIP7,0.13843183
CRABP2,PRMT5,0.13974455
CRABP2,WARS,0.14128512
MCM7,PCCA,0.14156732
KNTC1,TNFRSF12A,0.14274772
PITX2,SMYD3,0.14310935
RUVBL1,WARS,0.14320013
PITX2,SERPINB1,0.1435642
FOS,CRABP2,0.14680076
KLF6,WARS,0.14685872
PTTG1,RBP4,0.14923841
PTTG1,IQGAP2,0.15043661
PTTG1,SCHIP1,0.15049183
CRABP2,APEH,0.15142551
FOS,ACTC1,0.15416217
KNTC1,CCS,0.15619025
ZNF143,BUB1B,0.15658744
FOS,IQGAP2,0.15887913
FOS,CA2,0.16103145
NFYB,IQGAP2,0.16157313
OTX2,ICA1,0.16201735
NFYB,PLCD1,0.16452207
DDIT3,ACADVL,0.16470629
ID2,RUVBL1,0.16805422
ID2,LGALS3,0.16867466
RUVBL1,ICA1,0.17499337
NFYB,PTTG1,0.176025
DDIT3,CENPF,0.17739597
KNTC1,CYP3A5,0.17892188
NFYB,MCM7,0.18193877
ZNF143,KNTC1,0.18291312
KLF6,FOS,0.18355525
ID2,ADM,0.18401414
MCM4,NEK2,0.18576264
KNTC1,MCM7,0.1892842
FOS,DDIT3,0.19049469
KNTC1,RBP4,0.19068277
FOS,SCHIP1,0.19108081
MCM4,FOS,0.19130284
NFYB,ZNF143,0.19143611
KNTC1,CRABP2,0.19270116
MCM3,UBE2T,0.19314761
MCM3,SCHIP1,0.19946758
ZNF143,SCHIP1,0.20072716
ID2,CENPF,0.20182484
PITX2,CDK1,0.20685928
DDIT3,SERPINB1,0.21401992
PITX2,UTRN,0.21403912
RUVBL1,CCNH,0.22053747
KNTC1,ACTL6A,0.22178163
RUVBL1,PRKCE,0.2256594
KNTC1,NIP7,0.22615968
NFYB,ADM,0.22718567
PTTG1,FOS,0.23028576
DDIT3,MCM7,0.23214719
PITX2,CCNH,0.23380941
PITX2,ZNF143,0.2373029
FOS,CCS,0.24120715
OTX2,GSN,0.24227285
ID2,PCCA,0.24438997
NFYB,MT2A,0.24531388
MCM7,NIF3L1,0.24619049
ZNF143,SMYD3,0.24658504
OTX2,MCM7,0.24940117
KLF6,ZWILCH,0.25175714
NFYB,WARS,0.2542785
DDIT3,APEH,0.25431657
ZNF143,KIF20B,0.2582384
OTX2,TNFRSF12A,0.26060313
ZNF143,NFYB,0.26412207
KLF6,CACYBP,0.26611125
CRABP2,ASNS,0.2665559
DDIT3,NQO1,0.26753518
CRABP2,OTX2,0.26980665
MCM4,VTN,0.27383822
OTX2,ZWILCH,0.27592632
OTX2,ATG5,0.2859568
DDIT3,MCM3,0.2904158
FOS,OTX2,0.30183715
CRABP2,ZWILCH,0.30400616
KNTC1,TPD52L1,0.30515456
FOS,ANAPC7,0.3143615
CRABP2,DPYSL2,0.3155449
KLF6,RBP4,0.3188523
ID2,PRKCE,0.31973916
OTX2,ANXA3,0.32027942
NFYB,CCNH,0.32468337
NFYB,APEH,0.32682827
PITX2,ASNS,0.3388436
KNTC1,SCHIP1,0.33903977
MCM3,PLCD1,0.34644043
MCM3,CYP3A5,0.3471977
RUVBL1,SMYD3,0.3497011
PTTG1,KNTC1,0.3513707
OTX2,TPD52L1,0.36174768
CRABP2,MCM7,0.36336106
MCM4,ATG5,0.36967638
FOS,PTTG1,0.37005383
RUVBL1,DDIT3,0.37347525
PITX2,CYP3A5,0.37677193
RUVBL1,DPCD,0.37900215
CRABP2,FOS,0.38198936
KLF6,NEK2,0.38210037
NFYB,CAMK2D,0.38476717
MCM3,GSN,0.38777915
FOS,NQO1,0.39125913
DDIT3,CAMK2D,0.39148766
ID2,FOS,0.4012723
CRABP2,LGALS3,0.4037978
ID2,PLCD1,0.40609145
RUVBL1,IQGAP2,0.406251
CRABP2,NFYB,0.42783466
ID2,CA2,0.43227655
PITX2,PRKCE,0.43474323
CRABP2,SMYD3,0.4532465
ZNF143,IQGAP2,0.4643162
ZNF143,ANXA3,0.46689814
CRABP2,VTN,0.47121745
RUVBL1,CAMK2D,0.47762474
RUVBL1,CCNB1,0.47803706
PITX2,MCM4,0.48140895
KLF6,KNTC1,0.48216385
ID2,MT2A,0.4837166
MCM3,CAMK2D,0.4912328
KNTC1,CA2,0.49225187
MCM4,CENPF,0.49332726
OTX2,NFYB,0.49732447
KLF6,ICA1,0.49984175
CRABP2,BUB1B,0.51058924
RUVBL1,SERPINB1,0.5129161
FOS,CACYBP,0.514884
ZNF143,NEK2,0.5290024
PITX2,WARS,0.5327409
PTTG1,ID2,0.53285587
KNTC1,OCIAD2,0.5331153
NFYB,HESX1,0.5373196
KNTC1,NFYB,0.54002994
OTX2,CRABP2,0.5408327
PTTG1,DPCD,0.5473954
ZNF143,ATG5,0.55269265
ID2,DPCD,0.55743086
KNTC1,NQO1,0.5626775
FOS,PITX2,0.56502306
DDIT3,DPYSL2,0.5660615
RUVBL1,ANAPC7,0.5729917
KLF6,MCM4,0.58148587
DDIT3,ZNF143,0.58650464
MCM7,IQGAP2,0.5893412
RUVBL1,NQO1,0.6096708
MCM4,KLF6,0.6097856
MCM3,BUB1B,0.6129639
DDIT3,ICA1,0.6203221
MCM7,ACTC1,0.6500818
CRABP2,TF,0.6507727
MCM3,SERPINB1,0.6755886
KNTC1,ANAPC7,0.6768781
ZNF143,PLK1,0.6910169
ZNF143,CCS,0.69574225
ZNF143,MCM4,0.69782794
MCM4,MT2A,0.70044106
MCM3,PRMT5,0.70228064
MCM7,UBE2T,0.70996666
DDIT3,CCNH,0.71348125
PTTG1,ASNS,0.71462303
KLF6,PCCA,0.7172539
FOS,RBP4,0.7221837
CRABP2,ACTC1,0.7269796
KNTC1,ATG5,0.73723567
MCM4,ZNF143,0.74112546
NFYB,CYP3A5,0.7415125
PTTG1,ZWILCH,0.75008273
NFYB,DPCD,0.7505108
MCM3,IQGAP2,0.7655874
PTTG1,MCM7,0.7704418
MCM4,SERPINB1,0.7761978
MCM3,PLK1,0.7852582
RUVBL1,NEK2,0.7932368
PITX2,OTX2,0.7942885
KNTC1,PITX2,0.8004713
OTX2,UTRN,0.80317914
FOS,KIF20B,0.80561036
MCM7,PLCD1,0.80563337
PITX2,FOS,0.8212806
PITX2,ACADVL,0.8270302
DDIT3,UTRN,0.8332631
OTX2,NQO1,0.8458321
PTTG1,LGALS3,0.85293305
ID2,CRABP2,0.85341394
ID2,MRPS27,0.8586565
FOS,UTRN,0.8697107
NFYB,SMYD3,0.87153876
OTX2,CA2,0.8847478
RUVBL1,ZNF143,0.8916354
ID2,ASNS,0.895244
ID2,NEK2,0.9000993
PTTG1,PLCD1,0.9059261
PITX2,LGALS3,0.90926754
FOS,CAMK2D,0.91202796
MCM7,MT2A,0.9168557
FOS,GSN,0.92556965
NFYB,ICA1,0.92886055
KLF6,CAMK2D,0.9307662
NFYB,PITX2,0.95030034
PITX2,MT2A,0.9747891
PTTG1,PRKCE,0.9913856
ZNF143,CENPF,0.99313474
CRABP2,ACTL6A,1.0078826
ZNF143,UTRN,1.0171225
FOS,BUB1B,1.0195235
DDIT3,MCM4,1.0213226
OTX2,KIF20B,1.0251423
ID2,OCIAD2,1.028181
ID2,WARS,1.0377469
PITX2,DPYSL2,1.0411439
OTX2,PITX2,1.0575979
KNTC1,SERPINB1,1.0618523
MCM4,SCHIP1,1.0686464
ZNF143,DDIT3,1.085575
KNTC1,PCCA,1.0951555
PTTG1,CACYBP,1.1026886
RUVBL1,ID2,1.1110423
PITX2,KNTC1,1.1194811
NFYB,UBE2T,1.1201141
OTX2,SMYD3,1.145478
KLF6,TF,1.1490325
ID2,OTX2,1.1538546
RUVBL1,PCCA,1.1733578
KNTC1,PTTG1,1.2064127
MCM4,OCIAD2,1.2113892
MCM4,OTX2,1.2185429
MCM4,HESX1,1.2330781
ID2,HESX1,1.2458138
OTX2,CYP3A5,1.2714007
ID2,ACADVL,1.3002899
MCM3,PTTG1,1.3035455
DDIT3,PLCD1,1.3356427
NFYB,ID2,1.3633089
ZNF143,ACTL6A,1.36344
ID2,MCM7,1.3934743
PITX2,ATG5,1.3986285
KNTC1,UBE2T,1.40533
MCM4,CCNB1,1.4081182
KNTC1,HESX1,1.4348226
OTX2,PTTG1,1.4426212
MCM7,ID2,1.4618847
KLF6,ASNS,1.4734389
FOS,CYP3A5,1.5039891
ZNF143,MCM7,1.5996001
MCM7,MCM4,1.6111271
KLF6,ADM,1.6234287
KLF6,MT2A,1.6568432
DDIT3,CCNB1,1.6655191
ZNF143,PTTG1,1.6681004
PTTG1,MCM4,1.6899645
MCM7,FOS,1.7128993
MCM4,UBE2T,1.7270616
ZNF143,CA2,1.817079
MCM4,ID2,1.8699522
PTTG1,ZNF143,1.9147596
MCM4,DDIT3,1.9521633
CRABP2,DDIT3,1.9595888
ZNF143,NQO1,2.0753398
ID2,CCNB1,2.138594
OTX2,DDIT3,2.4277995
FOS,MCM7,2.430021
CRABP2,ID2,2.4365659
CRABP2,NQO1,2.5137205
MCM7,ICA1,2.533795
MCM4,PTTG1,2.7529624
DDIT3,OTX2,2.8119335
ID2,KNTC1,3.4373474
KNTC1,ID2,3.6418924
OTX2,KLF6,3.795408
DDIT3,KNTC1,4.004657
KNTC1,DDIT3,4.1652317
KLF6,OTX2,4.235908
